Customer ID,Tracking Hours Booked,Price per Hour (Tracking),Mixing Hours Booked,Price per Hour (Mixing),Travel Miles,Rate per Mile,Travel Reimbursement, Total Cost ,Date,What genre is your music?,Studio Equipment: U87,Studio Equipment: C414,Studio Equipment: SM57,Studio Equipment: AT3031,Studio Equipment: MD441,Studio Equipment: R-121,Studio Equipment: KM84,Studio Equipment: D12,Studio Equipment: Les Paul Custom,Studio Equipment: Strat,Studio Equipment: Yamaha Kit,Studio Equipment: Bosendorfer,Studio Equipment: Marshall JVM,Studio Equipment: Vox AC,Studio Equipment: Neve Console,Studio Equipment: SSL Console,Studio Equipment: ProTools,"Studio Equipment: 2"" Tape",Studio Equipment: Studio Mic,Studio Equipment: Tube Preamp,Studio Equipment: MIDI Controller,Studio Equipment: Dynamic Mic,Studio Equipment: Condenser Mic,Studio Equipment: Headphones,Studio Equipment: Monitors,Studio Equipment: Synthesizer,On a scale of 1-10, How important is it for the music to have a high-energy feel?,How much warmth do you envision in the overall sound?, Where would you rate the complexity of the instrumental arrangement?,Rate the desired level of brightness for vocals/instruments,How much depth or spaciousness do you want in the mix?, How prominent should the rhythm section be in the final mix?,Rate the desired level of clarity for individual instruments,How much impact or punchiness would you like in the track?,Rate the desired amount of reverb or ambiance for the music, How consistent should the dynamics be throughout the song?,Rate the level of distortion or grittiness desired in the overall sound,How much stereo width do you prefer in the mix? ,Rate the desired balance between vocals and instruments., How much emphasis should be given to the low-end frequencies?,How much emphasis do you want on melodic complexity?,Rate the desired level of rhythmic intricacy.,How much space or airiness do you envision in the overall mix?,Rate the desired level of tension or release throughout the track.,How prominent should the lead instrument(s) be in the mix?,How much variation in tempo or pacing would you prefer?,Rate the desired level of dynamic range in the music.,How important is it for the music to have a consistent groove or feel?,How much contrast or variation between sections do you envision?,Rate the desired level of harmonic richness or depth.
000001,3,100,6,65,0,0.75,0,$690.00 ,10/23/2015,Rock,FALSE,FALSE,TRUE,TRUE,TRUE,FALSE,TRUE,TRUE,FALSE,TRUE,TRUE,FALSE,FALSE,TRUE,TRUE,TRUE,TRUE,TRUE,FALSE,TRUE,TRUE,TRUE,FALSE,TRUE,TRUE,TRUE,,10,6,6,5,3,9,1,5,4,1,8,8,7,1,8,2,6,5,1,10,5,9,9,5
000001,5,100,7,65,30,0.75,22.5,$977.50 ,4/2/2019,Rock,TRUE,TRUE,TRUE,TRUE,TRUE,TRUE,TRUE,FALSE,TRUE,TRUE,TRUE,TRUE,TRUE,TRUE,TRUE,FALSE,TRUE,TRUE,TRUE,TRUE,TRUE,FALSE,FALSE,TRUE,TRUE,FALSE,,5,5,1,6,7,4,1,8,1,2,6,5,6,8,6,2,2,8,3,7,9,10,4,2
000001,10,100,2,65,0,0.75,0,"$1,130.00 ",11/11/2020,Rock,TRUE,TRUE,TRUE,TRUE,TRUE,TRUE,FALSE,TRUE,TRUE,FALSE,FALSE,FALSE,FALSE,TRUE,TRUE,FALSE,TRUE,FALSE,FALSE,FALSE,FALSE,FALSE,TRUE,TRUE,TRUE,TRUE,,8,2,4,4,1,3,7,6,9,4,7,1,4,4,6,6,3,6,10,9,4,5,1,6
000002,3,100,2,65,0,0.75,0,$430.00 ,5/4/2017,Rock,FALSE,TRUE,TRUE,TRUE,TRUE,FALSE,TRUE,TRUE,TRUE,FALSE,FALSE,TRUE,TRUE,TRUE,TRUE,TRUE,FALSE,TRUE,FALSE,FALSE,FALSE,TRUE,FALSE,TRUE,TRUE,TRUE,,4,6,1,3,6,3,2,10,10,3,8,5,1,1,3,5,1,5,1,5,1,8,7,3
000002,6,100,9,65,49,0.75,36.75,"$1,221.75 ",8/3/2020,Rock,FALSE,FALSE,FALSE,FALSE,TRUE,TRUE,TRUE,TRUE,FALSE,TRUE,TRUE,TRUE,TRUE,TRUE,TRUE,TRUE,TRUE,TRUE,FALSE,TRUE,TRUE,FALSE,TRUE,FALSE,TRUE,TRUE,,1,3,6,9,6,5,8,7,2,10,5,4,4,6,4,2,10,1,9,4,7,1,5,3
000002,8,100,4,65,0,0.75,0,"$1,060.00 ",12/3/2018,Rock,TRUE,TRUE,TRUE,TRUE,TRUE,FALSE,TRUE,TRUE,TRUE,FALSE,TRUE,FALSE,TRUE,FALSE,TRUE,TRUE,TRUE,TRUE,TRUE,FALSE,TRUE,TRUE,TRUE,TRUE,TRUE,TRUE,,1,10,4,9,5,8,3,2,4,9,2,9,9,2,8,3,3,1,1,9,7,8,6,6
000002,10,100,10,65,0,0.75,0,"$1,650.00 ",4/18/2017,Rock,TRUE,TRUE,FALSE,FALSE,TRUE,FALSE,TRUE,TRUE,FALSE,TRUE,TRUE,FALSE,FALSE,FALSE,TRUE,TRUE,TRUE,FALSE,TRUE,FALSE,FALSE,TRUE,TRUE,FALSE,TRUE,TRUE,,7,10,9,1,5,10,10,8,2,4,2,4,4,9,1,7,7,4,8,6,8,8,2,8
000002,7,100,3,65,0,0.75,0,$895.00 ,3/13/2019,Rock,TRUE,TRUE,TRUE,FALSE,TRUE,TRUE,TRUE,TRUE,TRUE,TRUE,TRUE,TRUE,TRUE,FALSE,TRUE,TRUE,TRUE,TRUE,FALSE,TRUE,FALSE,TRUE,TRUE,FALSE,FALSE,FALSE,,3,2,1,9,4,2,5,4,10,10,7,10,1,2,8,9,4,5,3,4,5,1,10,4
000002,9,100,8,65,0,0.75,0,"$1,420.00 ",1/21/2019,Rock,TRUE,TRUE,TRUE,TRUE,TRUE,TRUE,FALSE,TRUE,TRUE,TRUE,TRUE,TRUE,FALSE,TRUE,TRUE,TRUE,TRUE,TRUE,TRUE,TRUE,TRUE,TRUE,TRUE,FALSE,FALSE,FALSE,,10,8,4,6,2,5,3,2,4,6,4,6,6,9,9,5,9,4,10,6,1,6,4,1
000002,8,100,7,65,0,0.75,0,"$1,255.00 ",11/27/2018,Rock,FALSE,TRUE,TRUE,TRUE,FALSE,TRUE,TRUE,TRUE,FALSE,FALSE,TRUE,TRUE,TRUE,FALSE,TRUE,TRUE,FALSE,TRUE,TRUE,TRUE,FALSE,TRUE,FALSE,TRUE,FALSE,FALSE,,2,2,1,2,10,3,4,1,3,7,9,4,2,1,8,2,4,7,1,1,5,1,10,9
000002,3,100,2,65,0,0.75,0,$430.00 ,9/10/2020,Rock,TRUE,TRUE,FALSE,FALSE,FALSE,TRUE,TRUE,TRUE,TRUE,TRUE,FALSE,TRUE,TRUE,TRUE,TRUE,TRUE,TRUE,FALSE,FALSE,FALSE,TRUE,TRUE,TRUE,TRUE,TRUE,TRUE,,2,4,5,1,7,7,6,1,4,7,9,6,6,3,1,9,8,2,6,9,8,5,10,7
000003,4,100,10,65,0,0.75,0,"$1,050.00 ",6/17/2018,Rock,FALSE,TRUE,FALSE,TRUE,TRUE,TRUE,TRUE,TRUE,TRUE,TRUE,TRUE,FALSE,TRUE,TRUE,TRUE,FALSE,FALSE,TRUE,TRUE,TRUE,FALSE,TRUE,TRUE,FALSE,TRUE,TRUE,,6,6,5,9,2,9,5,10,5,10,10,4,8,10,5,4,2,5,5,5,6,7,9,6
000003,4,100,7,65,0,0.75,0,$855.00 ,5/25/2018,Rock,TRUE,TRUE,TRUE,TRUE,TRUE,TRUE,FALSE,FALSE,TRUE,TRUE,TRUE,TRUE,TRUE,FALSE,TRUE,TRUE,FALSE,FALSE,TRUE,TRUE,FALSE,TRUE,FALSE,FALSE,TRUE,FALSE,,3,4,5,4,10,4,7,5,5,5,9,6,10,10,9,4,4,2,9,6,6,7,1,2
000003,2,100,5,65,0,0.75,0,$525.00 ,1/5/2019,Rock,TRUE,TRUE,TRUE,TRUE,TRUE,TRUE,FALSE,TRUE,TRUE,TRUE,TRUE,TRUE,TRUE,TRUE,TRUE,TRUE,TRUE,TRUE,FALSE,FALSE,TRUE,TRUE,FALSE,TRUE,TRUE,FALSE,,2,10,6,8,10,3,9,10,7,5,4,7,2,3,8,8,1,10,5,2,9,2,3,3
000004,8,100,3,65,32,0.75,24,"$1,019.00 ",6/29/2015,Rock,TRUE,TRUE,TRUE,FALSE,TRUE,FALSE,TRUE,TRUE,TRUE,TRUE,TRUE,TRUE,FALSE,TRUE,FALSE,TRUE,TRUE,FALSE,TRUE,TRUE,TRUE,FALSE,TRUE,TRUE,TRUE,FALSE,,1,7,10,2,6,7,2,1,2,7,5,10,8,8,4,3,5,3,9,2,6,1,5,2
000004,2,100,4,65,0,0.75,0,$460.00 ,3/15/2020,Rock,TRUE,TRUE,FALSE,TRUE,TRUE,FALSE,TRUE,TRUE,TRUE,TRUE,FALSE,FALSE,TRUE,FALSE,TRUE,TRUE,FALSE,FALSE,TRUE,TRUE,TRUE,TRUE,TRUE,TRUE,TRUE,FALSE,,4,8,8,9,3,10,6,10,1,10,1,7,8,3,10,5,5,1,9,7,9,5,10,5
000004,9,100,4,65,0,0.75,0,"$1,160.00 ",3/31/2020,Rock,FALSE,TRUE,TRUE,TRUE,TRUE,TRUE,TRUE,TRUE,FALSE,TRUE,TRUE,FALSE,FALSE,TRUE,TRUE,TRUE,TRUE,TRUE,TRUE,TRUE,TRUE,TRUE,TRUE,FALSE,FALSE,TRUE,,10,6,1,2,2,3,5,3,3,2,8,9,8,2,9,3,6,9,1,1,4,8,8,5
000004,7,100,2,65,0,0.75,0,$830.00 ,9/15/2017,Rock,TRUE,TRUE,FALSE,TRUE,TRUE,TRUE,TRUE,TRUE,TRUE,TRUE,TRUE,TRUE,TRUE,TRUE,TRUE,FALSE,TRUE,TRUE,FALSE,TRUE,TRUE,TRUE,FALSE,TRUE,TRUE,FALSE,,6,4,4,1,1,10,3,5,8,1,6,4,8,6,1,9,1,8,6,10,2,9,7,4
000004,9,100,4,65,0,0.75,0,"$1,160.00 ",3/7/2020,Rock,TRUE,TRUE,FALSE,TRUE,TRUE,TRUE,TRUE,TRUE,FALSE,FALSE,TRUE,TRUE,TRUE,TRUE,TRUE,TRUE,TRUE,FALSE,FALSE,TRUE,TRUE,TRUE,TRUE,FALSE,TRUE,TRUE,,7,1,9,6,6,5,2,1,4,6,3,9,3,8,10,7,4,3,6,10,2,7,4,9
000005,6,100,7,65,0,0.75,0,"$1,055.00 ",4/30/2017,Rock,TRUE,FALSE,FALSE,TRUE,TRUE,TRUE,TRUE,TRUE,TRUE,TRUE,FALSE,TRUE,TRUE,TRUE,TRUE,TRUE,TRUE,TRUE,TRUE,TRUE,TRUE,FALSE,TRUE,TRUE,TRUE,TRUE,,1,8,9,6,8,8,7,7,10,2,3,2,4,7,4,4,2,8,8,9,8,4,5,6
000005,6,100,6,65,0,0.75,0,$990.00 ,10/15/2020,Rock,TRUE,FALSE,FALSE,TRUE,TRUE,TRUE,FALSE,TRUE,TRUE,FALSE,FALSE,TRUE,FALSE,TRUE,TRUE,FALSE,TRUE,TRUE,TRUE,TRUE,FALSE,TRUE,TRUE,FALSE,TRUE,TRUE,,10,8,5,7,4,3,8,3,4,9,10,5,8,4,6,4,4,9,5,9,2,3,4,8
000005,6,100,7,65,0,0.75,0,"$1,055.00 ",10/23/2017,Rock,TRUE,TRUE,TRUE,TRUE,TRUE,FALSE,TRUE,TRUE,FALSE,TRUE,TRUE,TRUE,FALSE,FALSE,FALSE,FALSE,TRUE,TRUE,FALSE,TRUE,TRUE,FALSE,TRUE,TRUE,FALSE,TRUE,,3,3,6,6,9,5,1,4,1,3,10,7,6,9,8,9,8,10,10,10,3,3,5,8
000006,8,100,3,65,0,0.75,0,$995.00 ,2/28/2016,Rock,TRUE,TRUE,TRUE,FALSE,TRUE,FALSE,TRUE,FALSE,FALSE,FALSE,TRUE,TRUE,TRUE,TRUE,TRUE,TRUE,TRUE,FALSE,TRUE,TRUE,TRUE,TRUE,FALSE,TRUE,TRUE,FALSE,,2,5,7,10,7,7,3,6,3,2,7,10,3,9,1,6,7,3,2,4,1,9,7,7
000006,7,100,9,65,0,0.75,0,"$1,285.00 ",1/8/2018,Rock,TRUE,TRUE,TRUE,FALSE,TRUE,FALSE,TRUE,TRUE,TRUE,TRUE,FALSE,TRUE,TRUE,TRUE,FALSE,TRUE,TRUE,FALSE,TRUE,TRUE,TRUE,TRUE,TRUE,TRUE,TRUE,FALSE,,2,7,2,10,9,5,5,6,2,5,1,8,6,4,6,10,10,5,7,9,5,9,9,7
000006,4,100,8,65,0,0.75,0,$920.00 ,5/8/2018,Rock,TRUE,TRUE,TRUE,FALSE,TRUE,TRUE,TRUE,TRUE,TRUE,TRUE,TRUE,TRUE,TRUE,FALSE,FALSE,TRUE,TRUE,TRUE,TRUE,TRUE,TRUE,TRUE,TRUE,TRUE,TRUE,FALSE,,10,7,5,7,9,2,6,9,8,2,9,4,9,6,5,6,9,10,7,4,4,5,5,7
000006,6,100,5,65,0,0.75,0,$925.00 ,9/27/2015,Rock,TRUE,TRUE,TRUE,TRUE,TRUE,TRUE,TRUE,TRUE,TRUE,TRUE,TRUE,TRUE,FALSE,TRUE,FALSE,TRUE,TRUE,FALSE,FALSE,TRUE,TRUE,TRUE,TRUE,TRUE,TRUE,TRUE,,10,7,10,3,6,4,1,2,10,2,3,9,8,1,3,4,6,10,8,5,7,5,1,8
000007,3,100,6,65,0,0.75,0,$690.00 ,1/26/2016,Rock,FALSE,FALSE,TRUE,TRUE,TRUE,TRUE,TRUE,TRUE,FALSE,FALSE,TRUE,TRUE,FALSE,TRUE,FALSE,TRUE,TRUE,TRUE,TRUE,TRUE,TRUE,TRUE,FALSE,TRUE,FALSE,FALSE,,9,2,7,3,10,4,3,5,9,2,5,10,1,1,7,9,7,6,5,9,9,7,3,2
000007,6,100,9,65,0,0.75,0,"$1,185.00 ",9/18/2020,Rock,TRUE,TRUE,FALSE,TRUE,TRUE,TRUE,TRUE,TRUE,FALSE,FALSE,FALSE,TRUE,TRUE,TRUE,TRUE,TRUE,TRUE,TRUE,FALSE,FALSE,TRUE,TRUE,TRUE,TRUE,TRUE,FALSE,,6,1,3,2,7,7,7,7,7,7,6,2,8,7,7,3,2,9,10,9,6,6,4,10
000007,6,100,7,65,0,0.75,0,"$1,055.00 ",6/23/2016,Rock,TRUE,TRUE,TRUE,FALSE,TRUE,TRUE,TRUE,TRUE,TRUE,TRUE,TRUE,TRUE,TRUE,TRUE,TRUE,TRUE,TRUE,FALSE,TRUE,FALSE,TRUE,TRUE,FALSE,FALSE,FALSE,TRUE,,10,7,6,5,8,9,6,3,8,7,3,3,5,5,3,3,10,6,9,7,10,8,4,7
000007,7,100,8,65,0,0.75,0,"$1,220.00 ",3/14/2016,Rock,TRUE,TRUE,TRUE,TRUE,TRUE,TRUE,TRUE,TRUE,FALSE,FALSE,FALSE,FALSE,TRUE,TRUE,TRUE,TRUE,TRUE,FALSE,TRUE,TRUE,TRUE,TRUE,TRUE,TRUE,TRUE,TRUE,,4,1,6,8,6,10,4,9,1,6,3,1,4,9,3,2,4,5,2,5,10,3,10,4
000008,6,100,5,65,0,0.75,0,$925.00 ,8/25/2019,Rock,TRUE,TRUE,TRUE,TRUE,TRUE,TRUE,TRUE,TRUE,FALSE,TRUE,TRUE,FALSE,FALSE,TRUE,FALSE,TRUE,TRUE,TRUE,TRUE,FALSE,TRUE,TRUE,FALSE,TRUE,TRUE,FALSE,,9,3,9,3,5,2,10,3,1,6,10,3,2,7,9,4,7,9,7,2,6,4,5,10
000008,9,100,10,65,0,0.75,0,"$1,550.00 ",8/1/2020,Rock,TRUE,TRUE,FALSE,TRUE,FALSE,TRUE,TRUE,TRUE,TRUE,FALSE,TRUE,TRUE,FALSE,TRUE,TRUE,TRUE,FALSE,TRUE,TRUE,TRUE,TRUE,TRUE,FALSE,TRUE,FALSE,FALSE,,10,5,1,1,6,4,7,6,5,7,5,4,9,3,9,1,6,8,3,7,5,5,9,1
000008,10,100,3,65,0,0.75,0,"$1,195.00 ",7/22/2016,Rock,FALSE,TRUE,FALSE,TRUE,TRUE,FALSE,TRUE,TRUE,FALSE,TRUE,TRUE,TRUE,TRUE,TRUE,TRUE,TRUE,FALSE,TRUE,FALSE,TRUE,TRUE,TRUE,TRUE,TRUE,TRUE,FALSE,,4,10,7,3,4,6,9,2,10,1,8,7,6,9,6,8,8,9,9,2,7,6,2,1
000008,6,100,3,65,0,0.75,0,$795.00 ,6/6/2018,Rock,TRUE,TRUE,TRUE,FALSE,FALSE,TRUE,TRUE,TRUE,TRUE,TRUE,FALSE,FALSE,TRUE,TRUE,TRUE,TRUE,FALSE,TRUE,TRUE,TRUE,TRUE,FALSE,TRUE,TRUE,TRUE,TRUE,,10,3,1,2,4,3,3,1,1,6,8,3,10,1,10,9,8,2,8,1,7,4,5,5
000008,2,100,2,65,0,0.75,0,$330.00 ,1/26/2019,Rock,TRUE,FALSE,FALSE,TRUE,TRUE,FALSE,TRUE,TRUE,TRUE,TRUE,TRUE,TRUE,TRUE,TRUE,TRUE,FALSE,TRUE,TRUE,TRUE,TRUE,TRUE,TRUE,FALSE,FALSE,TRUE,FALSE,,2,5,5,5,6,10,2,3,7,7,2,6,1,9,10,3,7,8,4,4,3,5,9,8
000009,6,100,5,65,0,0.75,0,$925.00 ,6/25/2017,Rock,FALSE,TRUE,TRUE,TRUE,TRUE,TRUE,FALSE,FALSE,TRUE,FALSE,FALSE,TRUE,TRUE,TRUE,TRUE,FALSE,TRUE,TRUE,TRUE,TRUE,TRUE,TRUE,TRUE,TRUE,TRUE,FALSE,,8,2,8,9,6,1,9,4,2,1,10,1,9,2,3,8,8,7,1,6,9,3,4,4
000009,3,100,6,65,0,0.75,0,$690.00 ,11/18/2017,Rock,FALSE,FALSE,TRUE,TRUE,TRUE,TRUE,FALSE,TRUE,TRUE,TRUE,FALSE,FALSE,FALSE,TRUE,TRUE,TRUE,TRUE,FALSE,TRUE,TRUE,FALSE,TRUE,TRUE,TRUE,TRUE,TRUE,,8,6,9,7,2,4,4,2,9,7,10,4,7,9,7,5,3,10,7,4,4,2,1,7
000009,4,100,9,65,0,0.75,0,$985.00 ,11/27/2015,Rock,TRUE,FALSE,FALSE,FALSE,TRUE,FALSE,FALSE,TRUE,TRUE,FALSE,FALSE,FALSE,FALSE,FALSE,TRUE,TRUE,TRUE,TRUE,TRUE,TRUE,TRUE,TRUE,TRUE,FALSE,FALSE,TRUE,,7,3,4,10,8,9,8,8,8,7,3,9,10,9,10,9,6,9,2,7,6,1,10,7
000009,8,100,4,65,0,0.75,0,"$1,060.00 ",10/14/2017,Rock,FALSE,TRUE,FALSE,FALSE,TRUE,TRUE,FALSE,TRUE,TRUE,TRUE,TRUE,TRUE,TRUE,TRUE,TRUE,TRUE,TRUE,TRUE,TRUE,TRUE,TRUE,FALSE,TRUE,TRUE,TRUE,FALSE,,3,3,1,2,9,2,9,10,7,1,9,10,3,10,3,8,6,8,7,6,1,4,3,6
000010,5,100,6,65,0,0.75,0,$890.00 ,6/5/2019,Rock,TRUE,TRUE,FALSE,TRUE,TRUE,FALSE,TRUE,TRUE,FALSE,TRUE,TRUE,TRUE,TRUE,TRUE,FALSE,FALSE,TRUE,FALSE,TRUE,TRUE,FALSE,TRUE,TRUE,TRUE,TRUE,FALSE,,6,3,4,1,4,10,10,4,6,3,3,10,6,9,6,5,6,8,4,3,2,9,10,8
000010,10,100,5,65,5,0.75,3.75,"$1,328.75 ",4/10/2019,Rock,TRUE,TRUE,TRUE,FALSE,TRUE,TRUE,TRUE,TRUE,TRUE,TRUE,FALSE,FALSE,TRUE,TRUE,TRUE,TRUE,TRUE,FALSE,TRUE,TRUE,TRUE,TRUE,TRUE,TRUE,TRUE,TRUE,,10,10,7,4,7,1,1,5,5,2,9,9,3,4,2,1,3,5,1,3,9,7,5,8
000010,8,100,6,65,25,0.75,18.75,"$1,208.75 ",7/22/2015,Rock,TRUE,FALSE,TRUE,TRUE,TRUE,FALSE,TRUE,FALSE,TRUE,TRUE,TRUE,TRUE,TRUE,FALSE,FALSE,TRUE,TRUE,TRUE,FALSE,FALSE,FALSE,TRUE,TRUE,TRUE,TRUE,FALSE,,3,1,1,5,10,6,3,7,9,10,2,1,9,7,10,5,5,8,7,5,5,8,8,7
000010,7,100,5,65,0,0.75,0,"$1,025.00 ",11/13/2020,Rock,TRUE,TRUE,FALSE,TRUE,TRUE,TRUE,TRUE,TRUE,TRUE,FALSE,TRUE,TRUE,TRUE,TRUE,TRUE,TRUE,TRUE,TRUE,FALSE,TRUE,FALSE,TRUE,TRUE,FALSE,FALSE,FALSE,,9,6,5,6,6,4,10,8,5,10,4,9,3,10,7,4,4,6,6,5,8,7,5,9
000010,6,100,9,65,0,0.75,0,"$1,185.00 ",7/28/2017,Rock,TRUE,TRUE,TRUE,TRUE,TRUE,TRUE,FALSE,TRUE,TRUE,FALSE,TRUE,FALSE,TRUE,FALSE,FALSE,TRUE,TRUE,TRUE,TRUE,TRUE,FALSE,TRUE,TRUE,TRUE,TRUE,TRUE,,5,10,4,2,3,5,2,4,6,6,8,9,4,5,1,8,10,2,6,4,5,9,8,5
000010,8,100,7,65,0,0.75,0,"$1,255.00 ",2/24/2016,Rock,TRUE,TRUE,FALSE,FALSE,FALSE,TRUE,FALSE,TRUE,TRUE,TRUE,TRUE,TRUE,TRUE,TRUE,TRUE,TRUE,FALSE,FALSE,TRUE,TRUE,TRUE,TRUE,TRUE,TRUE,FALSE,TRUE,,7,3,2,7,5,6,7,8,8,2,7,8,4,9,6,4,6,4,9,10,1,7,4,8
000010,7,100,3,65,0,0.75,0,$895.00 ,6/29/2016,Rock,TRUE,TRUE,FALSE,TRUE,TRUE,TRUE,TRUE,FALSE,TRUE,FALSE,FALSE,TRUE,TRUE,TRUE,TRUE,TRUE,TRUE,TRUE,FALSE,TRUE,TRUE,TRUE,FALSE,TRUE,TRUE,TRUE,,2,7,3,7,1,4,4,2,6,1,6,7,4,6,2,8,6,5,10,4,3,7,8,4
000011,2,100,4,65,29,0.75,21.75,$481.75 ,11/10/2020,Rock,TRUE,TRUE,TRUE,FALSE,TRUE,FALSE,TRUE,TRUE,TRUE,FALSE,FALSE,TRUE,TRUE,TRUE,TRUE,FALSE,FALSE,TRUE,TRUE,TRUE,TRUE,TRUE,TRUE,TRUE,FALSE,FALSE,,1,8,7,8,4,9,8,10,9,5,4,6,9,8,2,2,5,9,3,4,1,3,1,2
000011,7,100,8,65,0,0.75,0,"$1,220.00 ",9/1/2016,Rock,TRUE,TRUE,TRUE,FALSE,TRUE,FALSE,TRUE,FALSE,FALSE,TRUE,FALSE,FALSE,TRUE,TRUE,FALSE,TRUE,TRUE,TRUE,FALSE,FALSE,FALSE,TRUE,TRUE,TRUE,FALSE,TRUE,,10,2,5,1,6,5,7,6,7,4,3,9,4,3,8,6,1,9,2,10,3,5,3,5
000011,9,100,2,65,0,0.75,0,"$1,030.00 ",2/17/2017,Rock,TRUE,TRUE,FALSE,TRUE,TRUE,FALSE,TRUE,TRUE,TRUE,TRUE,TRUE,FALSE,FALSE,TRUE,TRUE,TRUE,TRUE,TRUE,FALSE,TRUE,FALSE,TRUE,TRUE,FALSE,FALSE,TRUE,,8,8,9,3,3,9,9,9,5,1,8,8,5,10,3,10,4,4,8,3,4,10,3,3
000011,9,100,2,65,0,0.75,0,"$1,030.00 ",3/23/2020,Rock,TRUE,FALSE,TRUE,TRUE,TRUE,TRUE,TRUE,TRUE,TRUE,TRUE,TRUE,TRUE,FALSE,TRUE,FALSE,TRUE,TRUE,TRUE,TRUE,TRUE,TRUE,TRUE,TRUE,TRUE,TRUE,TRUE,,8,4,6,7,9,10,8,8,4,9,1,10,10,4,1,3,2,10,9,3,6,7,4,5
000012,7,100,8,65,0,0.75,0,"$1,220.00 ",2/12/2015,Rock,FALSE,FALSE,FALSE,FALSE,FALSE,TRUE,TRUE,FALSE,TRUE,TRUE,TRUE,TRUE,TRUE,TRUE,TRUE,TRUE,TRUE,FALSE,TRUE,TRUE,TRUE,TRUE,TRUE,FALSE,TRUE,FALSE,,7,10,4,8,3,10,6,10,7,1,1,8,5,1,3,10,7,6,4,3,9,2,10,3
000012,9,100,3,65,0,0.75,0,"$1,095.00 ",1/13/2019,Rock,FALSE,TRUE,FALSE,TRUE,TRUE,TRUE,TRUE,TRUE,TRUE,FALSE,TRUE,TRUE,TRUE,TRUE,TRUE,TRUE,FALSE,TRUE,TRUE,TRUE,TRUE,TRUE,TRUE,TRUE,FALSE,FALSE,,3,2,4,6,8,9,1,1,10,3,6,3,9,6,4,2,2,10,9,7,1,9,7,2
000012,4,100,3,65,0,0.75,0,$595.00 ,2/20/2020,Rock,FALSE,TRUE,TRUE,FALSE,TRUE,TRUE,TRUE,TRUE,TRUE,TRUE,TRUE,FALSE,TRUE,TRUE,FALSE,TRUE,TRUE,TRUE,TRUE,FALSE,TRUE,TRUE,TRUE,TRUE,TRUE,FALSE,,1,6,3,1,9,10,9,5,1,6,8,9,6,8,4,10,2,5,8,6,7,1,9,4
000012,10,100,7,65,0,0.75,0,"$1,455.00 ",5/19/2018,Rock,TRUE,TRUE,TRUE,FALSE,FALSE,TRUE,TRUE,TRUE,TRUE,TRUE,TRUE,FALSE,TRUE,FALSE,FALSE,FALSE,TRUE,TRUE,TRUE,TRUE,TRUE,TRUE,TRUE,TRUE,FALSE,TRUE,,8,9,7,10,2,1,10,2,7,4,2,9,2,2,10,7,4,8,4,10,7,8,3,6
000012,10,100,10,65,0,0.75,0,"$1,650.00 ",8/21/2018,Rock,TRUE,TRUE,TRUE,FALSE,TRUE,TRUE,TRUE,TRUE,TRUE,TRUE,TRUE,TRUE,TRUE,TRUE,TRUE,TRUE,TRUE,TRUE,TRUE,TRUE,TRUE,FALSE,TRUE,TRUE,FALSE,FALSE,,2,2,8,5,6,5,2,3,10,7,7,9,8,9,10,6,1,4,6,5,3,4,2,9
000013,6,100,10,65,0,0.75,0,"$1,250.00 ",1/12/2016,Rock,TRUE,TRUE,TRUE,TRUE,FALSE,FALSE,FALSE,FALSE,FALSE,TRUE,FALSE,FALSE,TRUE,FALSE,FALSE,FALSE,TRUE,TRUE,TRUE,TRUE,FALSE,FALSE,TRUE,TRUE,TRUE,TRUE,,2,7,1,9,10,2,10,1,9,6,3,8,3,9,5,10,7,1,4,6,5,2,8,9
000013,7,100,6,65,0,0.75,0,"$1,090.00 ",12/22/2019,Rock,TRUE,FALSE,TRUE,TRUE,TRUE,TRUE,TRUE,TRUE,TRUE,TRUE,TRUE,TRUE,TRUE,TRUE,TRUE,FALSE,TRUE,TRUE,TRUE,TRUE,TRUE,TRUE,TRUE,TRUE,TRUE,FALSE,,1,1,5,6,9,4,7,7,2,4,4,9,5,3,3,6,8,9,6,4,8,8,5,6
000014,4,100,3,65,0,0.75,0,$595.00 ,11/27/2017,Rock,TRUE,FALSE,TRUE,FALSE,TRUE,FALSE,TRUE,TRUE,TRUE,TRUE,TRUE,TRUE,TRUE,TRUE,FALSE,TRUE,TRUE,TRUE,TRUE,FALSE,FALSE,TRUE,TRUE,TRUE,TRUE,FALSE,,5,3,4,1,2,3,6,2,9,6,3,2,7,4,2,3,5,6,5,2,9,8,3,1
000014,5,100,10,65,0,0.75,0,"$1,150.00 ",6/7/2018,Rock,TRUE,TRUE,TRUE,TRUE,FALSE,TRUE,TRUE,TRUE,FALSE,TRUE,FALSE,TRUE,TRUE,TRUE,FALSE,TRUE,TRUE,TRUE,TRUE,TRUE,TRUE,TRUE,FALSE,TRUE,TRUE,TRUE,,1,3,2,3,10,3,4,1,7,9,5,7,1,7,2,9,5,9,6,1,9,10,3,3
000014,10,100,7,65,0,0.75,0,"$1,455.00 ",1/5/2017,Rock,TRUE,TRUE,TRUE,TRUE,TRUE,TRUE,TRUE,TRUE,FALSE,TRUE,TRUE,TRUE,FALSE,FALSE,FALSE,TRUE,FALSE,TRUE,TRUE,FALSE,TRUE,TRUE,TRUE,TRUE,TRUE,TRUE,,2,4,9,1,4,5,5,9,8,2,9,9,7,9,7,1,4,9,8,9,5,4,9,3
000014,3,100,6,65,0,0.75,0,$690.00 ,6/6/2017,Rock,TRUE,TRUE,TRUE,FALSE,TRUE,TRUE,TRUE,TRUE,FALSE,TRUE,TRUE,TRUE,TRUE,TRUE,TRUE,TRUE,TRUE,TRUE,FALSE,TRUE,FALSE,FALSE,FALSE,TRUE,FALSE,TRUE,,4,10,9,9,4,8,8,5,3,10,8,5,6,1,5,5,8,8,4,5,3,6,4,10
000014,6,100,6,65,0,0.75,0,$990.00 ,10/27/2019,Rock,TRUE,TRUE,TRUE,TRUE,TRUE,FALSE,TRUE,TRUE,TRUE,TRUE,TRUE,TRUE,TRUE,TRUE,TRUE,TRUE,FALSE,TRUE,TRUE,TRUE,TRUE,TRUE,TRUE,TRUE,TRUE,TRUE,,1,5,9,7,10,4,5,5,5,5,9,7,9,9,5,8,3,10,3,5,4,5,5,3
000014,10,100,9,65,0,0.75,0,"$1,585.00 ",5/6/2019,Rock,TRUE,TRUE,FALSE,FALSE,TRUE,TRUE,FALSE,TRUE,TRUE,FALSE,TRUE,TRUE,TRUE,TRUE,TRUE,TRUE,TRUE,TRUE,FALSE,TRUE,FALSE,TRUE,TRUE,TRUE,TRUE,FALSE,,5,1,3,10,8,1,7,5,10,8,6,1,4,6,8,3,1,1,9,4,8,3,6,2
000015,3,100,4,65,0,0.75,0,$560.00 ,10/27/2019,Rock,TRUE,FALSE,TRUE,FALSE,TRUE,TRUE,TRUE,FALSE,FALSE,TRUE,TRUE,TRUE,TRUE,TRUE,TRUE,TRUE,TRUE,TRUE,TRUE,TRUE,FALSE,FALSE,TRUE,FALSE,TRUE,FALSE,,9,2,2,7,8,4,6,10,3,1,9,4,2,2,4,4,9,9,3,1,9,4,4,4
000015,5,100,5,65,26,0.75,19.5,$844.50 ,11/14/2017,Rock,TRUE,TRUE,TRUE,TRUE,TRUE,TRUE,FALSE,TRUE,TRUE,TRUE,TRUE,TRUE,FALSE,TRUE,TRUE,TRUE,TRUE,TRUE,FALSE,FALSE,TRUE,FALSE,TRUE,TRUE,TRUE,FALSE,,8,8,3,9,6,6,10,2,10,9,8,7,5,10,7,4,1,3,2,10,2,8,4,2
000015,4,100,8,65,0,0.75,0,$920.00 ,5/26/2017,Rock,TRUE,TRUE,FALSE,TRUE,TRUE,FALSE,FALSE,TRUE,FALSE,FALSE,TRUE,TRUE,TRUE,TRUE,TRUE,TRUE,FALSE,TRUE,FALSE,TRUE,FALSE,TRUE,TRUE,FALSE,TRUE,TRUE,,6,2,5,8,10,1,6,9,8,5,10,5,6,7,3,6,5,3,2,6,5,3,10,6
000015,7,100,10,65,0,0.75,0,"$1,350.00 ",5/28/2019,Rock,TRUE,TRUE,TRUE,TRUE,FALSE,TRUE,TRUE,TRUE,TRUE,TRUE,TRUE,TRUE,TRUE,TRUE,TRUE,FALSE,FALSE,TRUE,TRUE,TRUE,TRUE,FALSE,FALSE,TRUE,TRUE,TRUE,,4,7,8,2,4,1,6,7,5,4,10,6,4,1,2,3,8,1,3,3,4,1,7,9
000015,10,100,5,65,0,0.75,0,"$1,325.00 ",9/26/2018,Rock,TRUE,TRUE,TRUE,FALSE,FALSE,FALSE,TRUE,FALSE,TRUE,TRUE,TRUE,TRUE,FALSE,TRUE,TRUE,FALSE,TRUE,TRUE,FALSE,TRUE,TRUE,TRUE,TRUE,FALSE,FALSE,TRUE,,8,1,5,7,4,9,8,3,2,8,8,2,1,2,6,6,8,10,2,5,2,7,9,6
000016,7,100,7,65,0,0.75,0,"$1,155.00 ",5/1/2019,Rock,TRUE,TRUE,FALSE,TRUE,TRUE,TRUE,FALSE,TRUE,TRUE,FALSE,FALSE,FALSE,TRUE,TRUE,FALSE,TRUE,TRUE,FALSE,TRUE,TRUE,FALSE,TRUE,TRUE,TRUE,TRUE,TRUE,,4,8,6,5,10,6,9,7,5,2,1,10,5,8,1,3,9,10,6,4,7,2,3,8
000016,3,100,6,65,0,0.75,0,$690.00 ,12/1/2019,Rock,TRUE,TRUE,TRUE,TRUE,TRUE,TRUE,TRUE,TRUE,TRUE,FALSE,TRUE,TRUE,TRUE,TRUE,TRUE,TRUE,TRUE,TRUE,TRUE,TRUE,TRUE,TRUE,FALSE,TRUE,TRUE,FALSE,,10,6,2,10,3,4,6,9,2,2,8,2,5,7,5,1,3,3,10,9,1,3,10,10
000016,7,100,5,65,0,0.75,0,"$1,025.00 ",9/4/2016,Rock,TRUE,TRUE,TRUE,TRUE,TRUE,TRUE,TRUE,TRUE,TRUE,TRUE,FALSE,TRUE,TRUE,TRUE,FALSE,TRUE,TRUE,TRUE,TRUE,TRUE,TRUE,FALSE,TRUE,TRUE,TRUE,TRUE,,8,2,8,1,5,8,7,9,2,10,10,6,3,3,10,9,5,6,4,8,8,6,8,10
000017,3,100,8,65,0,0.75,0,$820.00 ,12/13/2019,Rock,TRUE,TRUE,TRUE,TRUE,TRUE,TRUE,TRUE,FALSE,TRUE,FALSE,TRUE,TRUE,FALSE,TRUE,TRUE,TRUE,TRUE,TRUE,FALSE,TRUE,FALSE,FALSE,TRUE,TRUE,FALSE,TRUE,,7,6,1,3,9,7,3,6,9,6,1,7,3,1,3,2,9,4,3,9,6,1,1,6
000017,3,100,10,65,0,0.75,0,$950.00 ,2/7/2020,Rock,TRUE,FALSE,FALSE,TRUE,TRUE,FALSE,TRUE,TRUE,TRUE,TRUE,TRUE,TRUE,TRUE,TRUE,TRUE,TRUE,FALSE,TRUE,FALSE,TRUE,TRUE,TRUE,TRUE,FALSE,FALSE,TRUE,,8,6,9,8,6,7,9,7,9,2,6,10,5,8,8,7,9,3,7,3,9,8,2,4
000017,9,100,4,65,0,0.75,0,"$1,160.00 ",11/7/2017,Rock,TRUE,TRUE,TRUE,TRUE,TRUE,TRUE,TRUE,FALSE,FALSE,TRUE,FALSE,TRUE,FALSE,TRUE,TRUE,TRUE,TRUE,TRUE,TRUE,TRUE,TRUE,TRUE,FALSE,TRUE,FALSE,TRUE,,3,4,1,2,1,2,1,9,9,6,5,2,9,3,4,10,5,3,3,2,10,5,8,9
000017,10,100,10,65,0,0.75,0,"$1,650.00 ",8/5/2017,Rock,FALSE,TRUE,FALSE,TRUE,TRUE,TRUE,TRUE,TRUE,TRUE,TRUE,TRUE,TRUE,TRUE,TRUE,FALSE,TRUE,TRUE,TRUE,FALSE,TRUE,TRUE,TRUE,TRUE,FALSE,TRUE,TRUE,,5,5,4,7,10,7,1,9,1,3,10,1,5,8,3,3,5,2,7,5,7,3,6,9
000017,3,100,10,65,0,0.75,0,$950.00 ,7/14/2016,Rock,TRUE,TRUE,FALSE,TRUE,TRUE,FALSE,TRUE,TRUE,TRUE,TRUE,TRUE,TRUE,TRUE,FALSE,FALSE,TRUE,TRUE,TRUE,TRUE,TRUE,TRUE,TRUE,TRUE,FALSE,FALSE,TRUE,,1,2,5,2,5,1,2,4,10,4,3,8,1,9,10,10,4,7,4,2,10,4,10,5
000018,8,100,3,65,0,0.75,0,$995.00 ,11/7/2015,Rock,FALSE,TRUE,TRUE,TRUE,TRUE,TRUE,FALSE,TRUE,TRUE,TRUE,TRUE,FALSE,TRUE,TRUE,TRUE,TRUE,TRUE,TRUE,TRUE,TRUE,TRUE,FALSE,TRUE,TRUE,TRUE,FALSE,,5,1,7,5,7,10,1,9,6,10,3,10,10,10,7,9,3,6,1,2,2,1,1,5
000018,3,100,2,65,0,0.75,0,$430.00 ,8/13/2015,Rock,FALSE,FALSE,TRUE,FALSE,TRUE,TRUE,TRUE,FALSE,TRUE,FALSE,TRUE,TRUE,TRUE,TRUE,TRUE,TRUE,TRUE,FALSE,FALSE,TRUE,TRUE,FALSE,TRUE,TRUE,TRUE,TRUE,,9,4,9,10,3,9,9,6,3,5,8,10,8,4,7,5,9,9,10,5,3,1,4,2
000018,9,100,4,65,0,0.75,0,"$1,160.00 ",10/21/2016,Rock,TRUE,FALSE,TRUE,TRUE,TRUE,TRUE,TRUE,TRUE,FALSE,TRUE,FALSE,TRUE,TRUE,TRUE,FALSE,TRUE,TRUE,TRUE,TRUE,TRUE,TRUE,TRUE,FALSE,TRUE,TRUE,FALSE,,6,3,7,7,5,8,8,3,8,10,7,3,1,2,5,5,6,1,3,9,9,1,6,6
000018,5,100,2,65,0,0.75,0,$630.00 ,11/29/2018,Rock,FALSE,FALSE,TRUE,FALSE,TRUE,TRUE,TRUE,TRUE,TRUE,TRUE,TRUE,TRUE,TRUE,FALSE,TRUE,FALSE,TRUE,TRUE,FALSE,TRUE,TRUE,FALSE,TRUE,TRUE,FALSE,TRUE,,6,8,5,9,3,4,5,3,4,3,3,6,4,3,1,8,6,3,7,7,10,10,8,3
000018,10,100,10,65,0,0.75,0,"$1,650.00 ",3/5/2016,Rock,FALSE,TRUE,TRUE,TRUE,FALSE,TRUE,TRUE,TRUE,TRUE,TRUE,TRUE,FALSE,TRUE,TRUE,FALSE,TRUE,FALSE,FALSE,FALSE,TRUE,FALSE,TRUE,FALSE,FALSE,TRUE,TRUE,,7,5,1,1,4,5,4,3,1,3,2,6,6,4,6,9,7,7,10,8,8,1,4,6
000018,3,100,10,65,14,0.75,10.5,$960.50 ,10/3/2017,Rock,TRUE,TRUE,FALSE,TRUE,TRUE,TRUE,TRUE,TRUE,TRUE,TRUE,TRUE,TRUE,FALSE,TRUE,FALSE,TRUE,TRUE,TRUE,TRUE,TRUE,FALSE,TRUE,TRUE,TRUE,TRUE,TRUE,,1,5,6,1,4,1,10,2,2,2,9,10,10,5,7,4,1,5,4,1,1,10,4,2
000019,9,100,9,65,0,0.75,0,"$1,485.00 ",7/10/2020,Rock,TRUE,TRUE,FALSE,TRUE,FALSE,TRUE,TRUE,TRUE,FALSE,TRUE,TRUE,TRUE,TRUE,TRUE,TRUE,TRUE,TRUE,FALSE,TRUE,TRUE,TRUE,FALSE,FALSE,TRUE,TRUE,FALSE,,9,7,6,8,7,2,7,9,3,6,2,3,2,9,10,2,8,3,4,3,4,1,10,4
000019,3,100,2,65,0,0.75,0,$430.00 ,10/28/2020,Rock,TRUE,FALSE,TRUE,TRUE,TRUE,TRUE,TRUE,TRUE,FALSE,TRUE,FALSE,TRUE,FALSE,TRUE,TRUE,TRUE,TRUE,TRUE,TRUE,FALSE,TRUE,FALSE,FALSE,TRUE,TRUE,TRUE,,8,10,4,1,5,3,9,6,7,3,8,7,6,6,9,4,3,9,5,6,3,4,8,8
000019,5,100,4,65,19,0.75,14.25,$774.25 ,9/24/2020,Rock,TRUE,TRUE,TRUE,TRUE,TRUE,FALSE,TRUE,TRUE,TRUE,TRUE,TRUE,FALSE,TRUE,TRUE,TRUE,FALSE,TRUE,TRUE,TRUE,TRUE,TRUE,TRUE,FALSE,FALSE,FALSE,TRUE,,5,7,8,8,8,10,2,6,1,1,7,10,4,1,1,5,1,4,8,10,1,3,10,9
000019,4,100,10,65,0,0.75,0,"$1,050.00 ",9/12/2016,Rock,TRUE,TRUE,TRUE,TRUE,TRUE,TRUE,TRUE,TRUE,FALSE,FALSE,FALSE,TRUE,TRUE,FALSE,TRUE,FALSE,TRUE,TRUE,TRUE,TRUE,TRUE,TRUE,FALSE,TRUE,FALSE,TRUE,,3,8,3,4,8,4,9,2,10,7,4,7,3,8,6,2,3,10,3,8,1,5,8,7
000020,4,100,10,65,0,0.75,0,"$1,050.00 ",5/13/2017,Rock,TRUE,TRUE,FALSE,TRUE,TRUE,TRUE,FALSE,TRUE,TRUE,TRUE,TRUE,TRUE,TRUE,TRUE,TRUE,FALSE,TRUE,TRUE,FALSE,TRUE,TRUE,TRUE,TRUE,FALSE,FALSE,TRUE,,8,5,3,2,4,4,2,3,3,4,3,2,5,1,10,7,10,4,9,2,8,7,7,7
000020,9,100,3,65,0,0.75,0,"$1,095.00 ",10/19/2020,Rock,TRUE,TRUE,TRUE,FALSE,TRUE,TRUE,TRUE,FALSE,TRUE,TRUE,TRUE,FALSE,TRUE,TRUE,TRUE,TRUE,FALSE,TRUE,TRUE,TRUE,TRUE,FALSE,TRUE,TRUE,TRUE,FALSE,,9,2,3,4,8,3,5,7,6,8,3,5,2,3,5,1,4,8,8,7,7,2,1,6
000020,2,100,9,65,0,0.75,0,$785.00 ,10/22/2020,Rock,TRUE,FALSE,TRUE,TRUE,FALSE,FALSE,TRUE,TRUE,FALSE,FALSE,TRUE,TRUE,TRUE,TRUE,TRUE,TRUE,TRUE,FALSE,TRUE,TRUE,TRUE,FALSE,TRUE,TRUE,TRUE,TRUE,,9,4,9,6,7,9,2,6,7,10,9,7,5,4,7,3,7,9,5,7,10,10,4,10
000020,10,100,2,65,0,0.75,0,"$1,130.00 ",12/11/2017,Rock,FALSE,TRUE,TRUE,FALSE,TRUE,TRUE,FALSE,TRUE,TRUE,TRUE,TRUE,TRUE,TRUE,FALSE,TRUE,TRUE,FALSE,TRUE,TRUE,FALSE,TRUE,TRUE,FALSE,FALSE,TRUE,TRUE,,5,8,7,5,2,3,9,9,10,1,1,4,2,5,6,7,4,7,2,10,2,5,10,2
000020,10,100,2,65,0,0.75,0,"$1,130.00 ",9/9/2016,Rock,TRUE,FALSE,FALSE,TRUE,FALSE,TRUE,TRUE,TRUE,TRUE,TRUE,TRUE,TRUE,TRUE,TRUE,TRUE,FALSE,FALSE,FALSE,FALSE,TRUE,TRUE,FALSE,TRUE,TRUE,FALSE,FALSE,,2,4,7,6,5,6,5,7,8,8,2,9,10,5,6,6,4,4,2,6,10,2,8,4
000020,9,100,6,65,0,0.75,0,"$1,290.00 ",2/16/2015,Rock,FALSE,FALSE,FALSE,TRUE,TRUE,FALSE,TRUE,FALSE,TRUE,TRUE,TRUE,TRUE,TRUE,TRUE,TRUE,TRUE,TRUE,TRUE,FALSE,TRUE,FALSE,TRUE,FALSE,FALSE,TRUE,TRUE,,7,10,8,5,5,1,1,1,5,3,7,3,1,6,5,2,4,6,3,6,7,1,2,9
000020,2,100,9,65,0,0.75,0,$785.00 ,6/6/2020,Rock,TRUE,TRUE,TRUE,TRUE,TRUE,TRUE,TRUE,TRUE,TRUE,FALSE,TRUE,TRUE,TRUE,TRUE,TRUE,FALSE,FALSE,TRUE,FALSE,TRUE,TRUE,TRUE,FALSE,FALSE,TRUE,TRUE,,3,10,8,7,2,3,1,10,2,7,2,4,8,8,4,10,3,7,10,4,8,9,2,4
000021,8,100,2,65,0,0.75,0,$930.00 ,10/20/2018,Rock,FALSE,FALSE,TRUE,TRUE,TRUE,TRUE,FALSE,FALSE,TRUE,FALSE,FALSE,TRUE,FALSE,TRUE,TRUE,TRUE,FALSE,TRUE,TRUE,TRUE,TRUE,TRUE,FALSE,TRUE,TRUE,TRUE,,4,7,3,4,1,1,9,6,7,2,5,5,1,2,5,5,3,6,1,5,3,3,8,4
000021,6,100,5,65,0,0.75,0,$925.00 ,6/16/2016,Rock,TRUE,TRUE,TRUE,TRUE,TRUE,TRUE,FALSE,FALSE,FALSE,FALSE,FALSE,TRUE,TRUE,TRUE,TRUE,FALSE,FALSE,TRUE,TRUE,TRUE,TRUE,TRUE,FALSE,TRUE,TRUE,TRUE,,9,8,4,9,6,8,4,1,1,1,2,8,1,6,3,1,5,1,4,9,7,6,9,3
000022,7,100,5,65,0,0.75,0,"$1,025.00 ",4/22/2016,Rock,FALSE,TRUE,TRUE,TRUE,FALSE,TRUE,TRUE,TRUE,TRUE,FALSE,TRUE,TRUE,TRUE,TRUE,TRUE,TRUE,TRUE,TRUE,TRUE,TRUE,FALSE,TRUE,TRUE,TRUE,FALSE,TRUE,,1,9,9,9,2,10,10,9,1,6,4,4,5,1,1,5,7,9,8,10,6,6,10,3
000022,7,100,4,65,0,0.75,0,$960.00 ,12/11/2016,Rock,TRUE,TRUE,FALSE,TRUE,TRUE,TRUE,TRUE,FALSE,FALSE,TRUE,TRUE,FALSE,TRUE,TRUE,TRUE,TRUE,TRUE,FALSE,TRUE,TRUE,TRUE,TRUE,FALSE,TRUE,TRUE,TRUE,,7,2,4,2,7,4,1,7,6,5,6,6,1,8,3,3,3,1,3,7,1,2,1,10
000022,4,100,5,65,0,0.75,0,$725.00 ,8/7/2018,Rock,TRUE,TRUE,FALSE,TRUE,TRUE,TRUE,TRUE,TRUE,TRUE,TRUE,TRUE,FALSE,TRUE,TRUE,TRUE,TRUE,FALSE,TRUE,TRUE,TRUE,TRUE,TRUE,TRUE,TRUE,TRUE,TRUE,,3,2,1,1,10,4,2,4,10,2,7,2,7,6,10,8,7,2,4,10,5,8,7,10
000022,4,100,3,65,0,0.75,0,$595.00 ,7/22/2020,Rock,TRUE,TRUE,FALSE,FALSE,TRUE,TRUE,TRUE,TRUE,TRUE,TRUE,TRUE,FALSE,FALSE,TRUE,TRUE,TRUE,TRUE,TRUE,TRUE,TRUE,FALSE,TRUE,TRUE,TRUE,TRUE,FALSE,,1,4,6,9,4,4,7,4,8,7,1,3,2,6,1,9,6,4,2,2,8,10,3,5
000022,5,100,2,65,0,0.75,0,$630.00 ,1/17/2019,Rock,TRUE,TRUE,TRUE,TRUE,TRUE,TRUE,TRUE,TRUE,TRUE,TRUE,TRUE,FALSE,FALSE,TRUE,TRUE,TRUE,TRUE,TRUE,FALSE,TRUE,TRUE,FALSE,TRUE,TRUE,FALSE,TRUE,,8,7,4,5,7,4,3,10,9,1,9,5,4,6,4,9,7,5,4,9,6,1,4,9
000022,6,100,2,65,0,0.75,0,$730.00 ,2/13/2019,Rock,FALSE,TRUE,TRUE,TRUE,TRUE,TRUE,TRUE,TRUE,TRUE,FALSE,FALSE,FALSE,TRUE,TRUE,TRUE,TRUE,TRUE,TRUE,TRUE,TRUE,TRUE,TRUE,FALSE,TRUE,TRUE,TRUE,,8,7,2,10,2,2,6,1,9,3,9,5,8,9,4,2,1,5,5,10,9,1,9,2
000022,8,100,7,65,0,0.75,0,"$1,255.00 ",5/27/2018,Rock,TRUE,TRUE,TRUE,TRUE,TRUE,TRUE,TRUE,FALSE,TRUE,TRUE,TRUE,FALSE,TRUE,TRUE,TRUE,FALSE,TRUE,FALSE,TRUE,TRUE,TRUE,TRUE,FALSE,TRUE,TRUE,TRUE,,6,5,2,9,3,10,2,9,9,2,6,5,2,10,5,2,1,9,10,4,9,9,9,6
000023,9,100,6,65,0,0.75,0,"$1,290.00 ",8/29/2015,Rock,TRUE,FALSE,TRUE,FALSE,FALSE,TRUE,TRUE,FALSE,FALSE,TRUE,TRUE,TRUE,TRUE,TRUE,FALSE,TRUE,FALSE,TRUE,TRUE,TRUE,TRUE,TRUE,FALSE,FALSE,TRUE,TRUE,,5,6,7,5,6,10,7,5,9,1,10,9,6,7,2,1,2,1,1,10,7,8,8,10
000023,10,100,8,65,0,0.75,0,"$1,520.00 ",9/15/2015,Rock,TRUE,FALSE,TRUE,FALSE,FALSE,TRUE,FALSE,TRUE,TRUE,TRUE,FALSE,FALSE,TRUE,TRUE,TRUE,TRUE,FALSE,TRUE,TRUE,TRUE,FALSE,FALSE,TRUE,FALSE,FALSE,TRUE,,1,8,9,6,3,3,10,8,4,1,4,1,1,6,5,2,3,9,8,5,6,4,10,1
000023,10,100,2,65,34,0.75,25.5,"$1,155.50 ",9/27/2018,Rock,TRUE,TRUE,TRUE,TRUE,TRUE,TRUE,FALSE,TRUE,TRUE,TRUE,FALSE,TRUE,TRUE,FALSE,FALSE,TRUE,TRUE,FALSE,TRUE,TRUE,TRUE,TRUE,FALSE,TRUE,TRUE,TRUE,,3,7,9,9,6,9,4,1,10,6,1,9,8,2,3,4,4,3,1,7,1,7,1,1
000023,4,100,10,65,0,0.75,0,"$1,050.00 ",3/28/2016,Rock,TRUE,TRUE,TRUE,TRUE,TRUE,TRUE,FALSE,TRUE,TRUE,TRUE,TRUE,TRUE,TRUE,TRUE,TRUE,FALSE,TRUE,FALSE,FALSE,TRUE,TRUE,TRUE,FALSE,TRUE,TRUE,TRUE,,2,1,9,8,9,7,7,8,9,2,4,7,7,3,7,2,6,1,7,6,2,2,8,2
000023,10,100,9,65,0,0.75,0,"$1,585.00 ",7/23/2015,Rock,TRUE,FALSE,TRUE,TRUE,TRUE,TRUE,FALSE,TRUE,TRUE,TRUE,TRUE,TRUE,TRUE,TRUE,TRUE,TRUE,TRUE,TRUE,TRUE,TRUE,TRUE,TRUE,TRUE,TRUE,TRUE,TRUE,,7,6,3,8,8,2,8,6,8,10,7,3,10,1,6,10,3,8,7,4,7,10,1,10
000024,4,100,8,65,0,0.75,0,$920.00 ,4/14/2019,Rock,TRUE,FALSE,TRUE,TRUE,TRUE,TRUE,TRUE,TRUE,TRUE,FALSE,FALSE,FALSE,TRUE,TRUE,TRUE,FALSE,TRUE,TRUE,TRUE,TRUE,TRUE,TRUE,FALSE,FALSE,FALSE,FALSE,,8,5,8,7,6,3,5,5,6,2,2,4,6,5,2,9,9,1,8,5,6,4,4,2
000024,8,100,3,65,0,0.75,0,$995.00 ,9/10/2017,Rock,FALSE,TRUE,FALSE,TRUE,FALSE,FALSE,TRUE,TRUE,TRUE,FALSE,TRUE,TRUE,FALSE,FALSE,TRUE,TRUE,TRUE,TRUE,FALSE,TRUE,FALSE,TRUE,TRUE,TRUE,TRUE,FALSE,,8,5,6,4,7,7,2,7,8,6,8,7,7,9,10,6,9,2,5,8,3,1,10,2
000024,9,100,9,65,0,0.75,0,"$1,485.00 ",10/25/2015,Rock,TRUE,TRUE,FALSE,TRUE,TRUE,TRUE,TRUE,TRUE,TRUE,FALSE,TRUE,TRUE,TRUE,FALSE,TRUE,TRUE,TRUE,TRUE,TRUE,TRUE,FALSE,TRUE,TRUE,TRUE,FALSE,TRUE,,8,8,9,7,8,6,10,8,9,7,1,4,2,5,7,8,6,7,8,7,8,10,3,5
000024,7,100,7,65,0,0.75,0,"$1,155.00 ",1/4/2017,Rock,TRUE,TRUE,TRUE,FALSE,TRUE,TRUE,FALSE,TRUE,FALSE,TRUE,FALSE,FALSE,TRUE,TRUE,TRUE,TRUE,TRUE,TRUE,TRUE,TRUE,TRUE,TRUE,TRUE,TRUE,FALSE,TRUE,,1,2,8,7,5,6,4,9,10,10,9,6,5,2,6,2,4,3,2,6,7,9,4,4
000024,4,100,8,65,0,0.75,0,$920.00 ,11/15/2015,Rock,TRUE,FALSE,TRUE,FALSE,TRUE,TRUE,TRUE,FALSE,TRUE,TRUE,FALSE,TRUE,FALSE,TRUE,TRUE,FALSE,TRUE,FALSE,TRUE,TRUE,FALSE,TRUE,FALSE,TRUE,FALSE,TRUE,,9,4,3,4,9,9,8,8,8,8,6,9,1,3,4,3,1,9,10,1,10,7,10,3
000025,2,100,7,65,0,0.75,0,$655.00 ,7/28/2020,Rock,TRUE,FALSE,TRUE,FALSE,FALSE,FALSE,TRUE,TRUE,TRUE,TRUE,FALSE,TRUE,TRUE,FALSE,FALSE,TRUE,FALSE,TRUE,TRUE,TRUE,TRUE,TRUE,TRUE,TRUE,TRUE,FALSE,,4,10,8,8,1,6,6,9,6,8,8,2,5,4,2,1,3,3,4,7,4,7,6,7
000025,7,100,10,65,0,0.75,0,"$1,350.00 ",9/25/2018,Rock,TRUE,TRUE,TRUE,TRUE,FALSE,TRUE,TRUE,TRUE,TRUE,TRUE,TRUE,FALSE,FALSE,TRUE,FALSE,FALSE,TRUE,FALSE,FALSE,TRUE,TRUE,TRUE,TRUE,FALSE,TRUE,TRUE,,4,6,3,9,1,7,9,7,7,8,5,7,3,10,8,9,2,3,1,9,1,10,4,9
000025,3,100,9,65,0,0.75,0,$885.00 ,2/2/2017,Rock,TRUE,TRUE,FALSE,TRUE,FALSE,FALSE,TRUE,TRUE,TRUE,TRUE,TRUE,TRUE,FALSE,FALSE,TRUE,FALSE,FALSE,FALSE,TRUE,TRUE,TRUE,TRUE,TRUE,TRUE,FALSE,TRUE,,2,5,9,10,9,1,4,3,8,4,4,4,2,7,5,8,7,6,3,4,9,3,1,6
000025,5,100,2,65,0,0.75,0,$630.00 ,8/20/2020,Rock,TRUE,TRUE,FALSE,TRUE,FALSE,TRUE,TRUE,TRUE,TRUE,TRUE,FALSE,TRUE,TRUE,TRUE,TRUE,TRUE,FALSE,TRUE,FALSE,TRUE,TRUE,TRUE,TRUE,FALSE,TRUE,TRUE,,7,6,1,9,7,6,3,7,3,7,8,9,10,1,8,8,10,7,7,5,8,1,9,3
000025,10,100,7,65,0,0.75,0,"$1,455.00 ",10/6/2016,Rock,TRUE,TRUE,FALSE,TRUE,FALSE,TRUE,FALSE,TRUE,TRUE,TRUE,TRUE,TRUE,TRUE,TRUE,TRUE,TRUE,FALSE,TRUE,FALSE,TRUE,FALSE,TRUE,TRUE,FALSE,TRUE,TRUE,,4,7,3,4,2,4,6,4,3,9,1,2,3,10,6,4,4,7,2,10,6,10,4,1
000026,7,100,8,65,0,0.75,0,"$1,220.00 ",3/17/2018,Rock,TRUE,FALSE,TRUE,FALSE,TRUE,TRUE,FALSE,FALSE,TRUE,TRUE,TRUE,FALSE,TRUE,FALSE,FALSE,TRUE,TRUE,FALSE,FALSE,FALSE,TRUE,TRUE,TRUE,TRUE,TRUE,FALSE,,2,7,6,7,9,3,2,10,1,1,4,9,4,3,9,5,3,2,9,6,3,9,4,10
000026,8,100,10,65,0,0.75,0,"$1,450.00 ",1/9/2020,Rock,FALSE,TRUE,TRUE,FALSE,TRUE,TRUE,TRUE,FALSE,TRUE,TRUE,TRUE,TRUE,FALSE,TRUE,TRUE,TRUE,TRUE,TRUE,TRUE,TRUE,TRUE,FALSE,TRUE,FALSE,FALSE,FALSE,,3,2,8,8,4,6,5,5,4,1,10,4,7,4,1,6,9,10,2,5,3,2,3,10
000026,4,100,3,65,0,0.75,0,$595.00 ,4/11/2015,Rock,TRUE,TRUE,TRUE,FALSE,TRUE,TRUE,TRUE,TRUE,TRUE,TRUE,TRUE,TRUE,FALSE,TRUE,TRUE,TRUE,TRUE,TRUE,FALSE,FALSE,TRUE,FALSE,TRUE,TRUE,TRUE,TRUE,,9,10,3,5,5,10,8,2,8,4,5,8,3,4,3,9,2,4,5,2,1,8,4,2
000027,3,100,2,65,0,0.75,0,$430.00 ,1/16/2018,Rock,FALSE,TRUE,TRUE,TRUE,TRUE,TRUE,FALSE,FALSE,FALSE,TRUE,TRUE,FALSE,TRUE,TRUE,TRUE,TRUE,FALSE,TRUE,TRUE,FALSE,TRUE,TRUE,TRUE,TRUE,TRUE,TRUE,,1,10,5,9,9,1,6,8,5,1,1,6,2,2,1,6,6,4,10,6,7,7,6,10
000027,3,100,3,65,0,0.75,0,$495.00 ,4/16/2018,Rock,FALSE,TRUE,FALSE,TRUE,TRUE,TRUE,TRUE,TRUE,FALSE,TRUE,FALSE,TRUE,TRUE,TRUE,TRUE,TRUE,FALSE,TRUE,TRUE,TRUE,TRUE,TRUE,TRUE,TRUE,TRUE,TRUE,,9,3,7,10,2,9,1,3,1,3,2,8,6,3,2,3,7,1,5,3,9,7,1,6
000028,5,100,10,65,0,0.75,0,"$1,150.00 ",7/13/2015,Rock,TRUE,FALSE,TRUE,TRUE,TRUE,FALSE,TRUE,TRUE,TRUE,FALSE,TRUE,FALSE,FALSE,FALSE,FALSE,FALSE,TRUE,TRUE,TRUE,TRUE,TRUE,TRUE,TRUE,FALSE,TRUE,FALSE,,8,8,5,5,4,9,6,8,7,2,4,6,4,1,4,3,7,9,10,6,1,1,4,9
000028,5,100,10,65,0,0.75,0,"$1,150.00 ",12/30/2018,Rock,TRUE,TRUE,FALSE,TRUE,TRUE,TRUE,FALSE,FALSE,TRUE,TRUE,FALSE,TRUE,TRUE,FALSE,TRUE,TRUE,FALSE,TRUE,TRUE,TRUE,TRUE,TRUE,TRUE,TRUE,TRUE,TRUE,,4,5,9,2,10,1,7,4,9,6,10,7,5,2,2,4,7,5,5,8,8,10,4,7
000028,8,100,9,65,0,0.75,0,"$1,385.00 ",8/31/2019,Rock,TRUE,TRUE,TRUE,TRUE,FALSE,TRUE,TRUE,TRUE,TRUE,FALSE,TRUE,TRUE,TRUE,FALSE,TRUE,TRUE,TRUE,FALSE,FALSE,FALSE,TRUE,TRUE,TRUE,TRUE,TRUE,TRUE,,8,6,9,5,5,6,4,5,4,5,6,3,2,1,1,6,9,5,8,1,10,10,8,5
000028,9,100,8,65,0,0.75,0,"$1,420.00 ",8/1/2018,Rock,FALSE,TRUE,TRUE,TRUE,FALSE,TRUE,TRUE,TRUE,FALSE,FALSE,FALSE,TRUE,FALSE,TRUE,TRUE,TRUE,TRUE,FALSE,FALSE,TRUE,TRUE,TRUE,TRUE,FALSE,FALSE,TRUE,,6,4,1,9,1,1,10,8,10,5,2,2,8,6,6,4,1,10,8,6,5,3,10,6
000028,2,100,3,65,0,0.75,0,$395.00 ,9/4/2018,Rock,FALSE,TRUE,TRUE,TRUE,TRUE,TRUE,TRUE,FALSE,TRUE,FALSE,FALSE,TRUE,TRUE,FALSE,TRUE,TRUE,TRUE,TRUE,TRUE,TRUE,FALSE,TRUE,TRUE,FALSE,FALSE,TRUE,,4,3,9,8,6,4,5,9,7,2,5,10,7,5,7,6,4,3,3,5,8,5,4,2
000029,2,100,3,65,0,0.75,0,$395.00 ,12/22/2016,Rock,FALSE,TRUE,FALSE,TRUE,FALSE,TRUE,FALSE,TRUE,TRUE,TRUE,TRUE,TRUE,TRUE,TRUE,TRUE,TRUE,TRUE,TRUE,TRUE,TRUE,FALSE,TRUE,FALSE,TRUE,TRUE,TRUE,,5,6,7,1,10,2,8,10,3,3,3,5,10,9,6,5,9,6,2,6,7,9,10,10
000029,4,100,8,65,0,0.75,0,$920.00 ,12/17/2016,Rock,TRUE,FALSE,TRUE,FALSE,TRUE,TRUE,TRUE,TRUE,TRUE,TRUE,FALSE,TRUE,TRUE,TRUE,TRUE,FALSE,FALSE,TRUE,FALSE,TRUE,TRUE,TRUE,TRUE,FALSE,FALSE,FALSE,,7,6,9,5,3,5,6,9,3,10,10,2,6,4,9,6,3,1,7,3,2,5,4,7
000029,8,100,6,65,0,0.75,0,"$1,190.00 ",6/18/2018,Rock,TRUE,TRUE,TRUE,TRUE,TRUE,FALSE,FALSE,TRUE,FALSE,TRUE,TRUE,FALSE,TRUE,TRUE,TRUE,FALSE,FALSE,TRUE,TRUE,TRUE,FALSE,TRUE,TRUE,TRUE,TRUE,TRUE,,10,3,8,5,10,3,10,5,4,4,6,7,7,9,1,1,7,9,10,7,2,10,3,1
000030,10,100,6,65,0,0.75,0,"$1,390.00 ",3/19/2015,Rock,TRUE,FALSE,TRUE,FALSE,TRUE,FALSE,TRUE,FALSE,TRUE,TRUE,TRUE,TRUE,TRUE,FALSE,FALSE,TRUE,TRUE,FALSE,TRUE,TRUE,TRUE,TRUE,TRUE,TRUE,TRUE,FALSE,,3,10,10,9,8,7,2,8,3,1,3,7,1,8,2,6,4,5,8,4,9,3,3,9
000030,10,100,2,65,0,0.75,0,"$1,130.00 ",5/5/2016,Rock,FALSE,FALSE,FALSE,FALSE,TRUE,TRUE,TRUE,FALSE,TRUE,FALSE,TRUE,TRUE,FALSE,TRUE,TRUE,TRUE,TRUE,FALSE,FALSE,FALSE,FALSE,FALSE,TRUE,FALSE,TRUE,TRUE,,8,2,4,8,4,10,4,9,5,7,3,3,1,5,7,3,9,6,6,7,7,9,9,8
000030,4,100,8,65,0,0.75,0,$920.00 ,6/10/2017,Rock,TRUE,TRUE,TRUE,TRUE,FALSE,FALSE,TRUE,TRUE,TRUE,TRUE,FALSE,TRUE,TRUE,FALSE,TRUE,TRUE,TRUE,TRUE,TRUE,FALSE,TRUE,TRUE,TRUE,FALSE,FALSE,TRUE,,2,8,1,6,10,1,6,10,9,4,8,2,7,1,5,10,5,4,4,9,6,2,9,6
000031,2,100,3,65,0,0.75,0,$395.00 ,10/17/2016,Rock,FALSE,TRUE,TRUE,FALSE,TRUE,TRUE,TRUE,TRUE,FALSE,TRUE,FALSE,TRUE,FALSE,TRUE,FALSE,TRUE,TRUE,TRUE,TRUE,TRUE,TRUE,TRUE,TRUE,TRUE,TRUE,TRUE,,8,7,5,8,8,6,9,6,10,9,10,5,10,7,4,10,9,2,3,4,8,4,10,4
000031,2,100,10,65,0,0.75,0,$850.00 ,6/1/2016,Rock,TRUE,TRUE,TRUE,TRUE,FALSE,TRUE,TRUE,FALSE,TRUE,TRUE,FALSE,TRUE,FALSE,TRUE,FALSE,TRUE,TRUE,TRUE,TRUE,TRUE,TRUE,TRUE,TRUE,TRUE,FALSE,TRUE,,8,4,6,3,7,2,2,7,8,2,4,5,3,1,2,10,3,8,8,3,5,5,5,3
000031,6,100,8,65,0,0.75,0,"$1,120.00 ",8/18/2019,Rock,TRUE,FALSE,TRUE,TRUE,TRUE,FALSE,TRUE,FALSE,TRUE,TRUE,TRUE,FALSE,TRUE,FALSE,FALSE,TRUE,TRUE,TRUE,TRUE,FALSE,TRUE,TRUE,TRUE,FALSE,FALSE,TRUE,,8,8,3,2,8,10,9,8,6,1,6,1,2,3,8,9,8,3,3,2,4,7,1,6
000031,7,100,4,65,0,0.75,0,$960.00 ,5/14/2018,Rock,FALSE,FALSE,TRUE,TRUE,TRUE,FALSE,TRUE,TRUE,TRUE,TRUE,TRUE,FALSE,TRUE,TRUE,TRUE,FALSE,TRUE,FALSE,TRUE,TRUE,TRUE,FALSE,TRUE,TRUE,TRUE,FALSE,,9,7,7,9,5,1,2,9,1,7,1,3,7,8,10,5,9,3,7,9,4,10,4,10
000032,10,100,2,65,0,0.75,0,"$1,130.00 ",2/24/2019,Rock,TRUE,TRUE,TRUE,TRUE,TRUE,TRUE,TRUE,TRUE,TRUE,FALSE,TRUE,TRUE,TRUE,TRUE,TRUE,FALSE,TRUE,TRUE,TRUE,FALSE,TRUE,TRUE,FALSE,TRUE,FALSE,FALSE,,1,4,3,6,10,4,1,5,6,1,5,9,6,5,6,9,3,4,7,4,4,10,5,1
000032,10,100,8,65,0,0.75,0,"$1,520.00 ",6/12/2019,Rock,TRUE,TRUE,FALSE,TRUE,TRUE,TRUE,TRUE,TRUE,TRUE,TRUE,TRUE,FALSE,TRUE,TRUE,TRUE,TRUE,TRUE,TRUE,TRUE,FALSE,TRUE,FALSE,FALSE,FALSE,TRUE,TRUE,,4,3,7,1,10,6,8,6,2,5,5,6,4,4,1,10,10,5,2,6,8,9,5,6
000032,2,100,3,65,0,0.75,0,$395.00 ,10/3/2017,Rock,FALSE,FALSE,TRUE,TRUE,TRUE,FALSE,FALSE,TRUE,FALSE,TRUE,TRUE,TRUE,TRUE,TRUE,FALSE,TRUE,TRUE,TRUE,TRUE,TRUE,TRUE,TRUE,TRUE,TRUE,FALSE,TRUE,,8,2,5,3,4,7,5,9,2,6,5,4,3,7,8,3,10,8,10,3,8,2,3,5
000032,6,100,9,65,0,0.75,0,"$1,185.00 ",11/12/2015,Rock,TRUE,TRUE,TRUE,FALSE,TRUE,TRUE,TRUE,FALSE,TRUE,TRUE,TRUE,FALSE,TRUE,TRUE,TRUE,TRUE,TRUE,FALSE,FALSE,TRUE,TRUE,TRUE,FALSE,FALSE,TRUE,TRUE,,7,4,4,1,9,6,8,9,2,6,4,10,5,4,5,2,9,2,9,4,7,9,2,4
000032,2,100,2,65,0,0.75,0,$330.00 ,7/14/2016,Rock,TRUE,TRUE,TRUE,TRUE,TRUE,TRUE,TRUE,FALSE,TRUE,TRUE,FALSE,TRUE,TRUE,TRUE,FALSE,TRUE,TRUE,TRUE,TRUE,TRUE,TRUE,TRUE,TRUE,TRUE,FALSE,TRUE,,4,4,5,6,8,5,9,4,6,5,5,5,6,2,5,7,6,5,7,9,5,7,9,6
000032,6,100,6,65,0,0.75,0,$990.00 ,3/1/2017,Rock,FALSE,TRUE,TRUE,TRUE,TRUE,FALSE,TRUE,TRUE,TRUE,TRUE,FALSE,FALSE,TRUE,TRUE,FALSE,TRUE,TRUE,FALSE,TRUE,TRUE,FALSE,TRUE,TRUE,FALSE,TRUE,TRUE,,9,4,7,8,7,5,9,7,7,3,3,3,3,5,5,1,7,9,1,4,1,1,4,4
000032,3,100,4,65,49,0.75,36.75,$596.75 ,6/26/2020,Rock,TRUE,TRUE,FALSE,TRUE,TRUE,TRUE,TRUE,FALSE,TRUE,TRUE,FALSE,TRUE,TRUE,FALSE,FALSE,TRUE,TRUE,FALSE,TRUE,TRUE,TRUE,TRUE,TRUE,FALSE,TRUE,TRUE,,7,10,4,1,5,2,3,10,4,3,5,7,4,1,3,4,5,6,5,3,4,4,4,7
000033,3,100,10,65,0,0.75,0,$950.00 ,7/6/2015,Rock,TRUE,FALSE,TRUE,TRUE,FALSE,TRUE,TRUE,TRUE,FALSE,FALSE,FALSE,FALSE,TRUE,TRUE,FALSE,TRUE,TRUE,TRUE,TRUE,TRUE,FALSE,TRUE,TRUE,FALSE,TRUE,FALSE,,6,5,9,4,2,7,1,9,4,8,3,5,6,4,4,7,2,8,1,1,3,6,3,6
000034,10,100,9,65,46,0.75,34.5,"$1,619.50 ",8/5/2019,Rock,FALSE,TRUE,FALSE,TRUE,TRUE,FALSE,TRUE,FALSE,TRUE,TRUE,FALSE,TRUE,FALSE,TRUE,FALSE,TRUE,FALSE,TRUE,TRUE,TRUE,TRUE,TRUE,TRUE,TRUE,TRUE,TRUE,,8,10,4,4,6,3,6,4,9,9,5,3,1,9,1,2,7,3,7,4,7,7,3,2
000034,2,100,4,65,0,0.75,0,$460.00 ,7/4/2015,Rock,TRUE,TRUE,FALSE,TRUE,TRUE,FALSE,TRUE,FALSE,TRUE,TRUE,FALSE,TRUE,TRUE,TRUE,TRUE,TRUE,TRUE,TRUE,TRUE,TRUE,TRUE,TRUE,TRUE,TRUE,TRUE,TRUE,,3,9,5,7,9,1,6,5,7,9,9,3,2,10,6,2,7,1,8,10,5,8,10,3
000035,4,100,5,65,0,0.75,0,$725.00 ,5/28/2016,Rock,TRUE,TRUE,TRUE,FALSE,TRUE,TRUE,TRUE,TRUE,TRUE,TRUE,TRUE,TRUE,TRUE,FALSE,TRUE,TRUE,TRUE,TRUE,FALSE,TRUE,TRUE,TRUE,TRUE,FALSE,TRUE,TRUE,,4,3,5,7,2,4,4,5,6,3,5,4,8,3,2,3,9,7,5,1,3,3,10,4
000035,8,100,10,65,0,0.75,0,"$1,450.00 ",6/3/2020,Rock,TRUE,TRUE,TRUE,TRUE,TRUE,TRUE,TRUE,TRUE,FALSE,TRUE,FALSE,TRUE,TRUE,TRUE,TRUE,FALSE,FALSE,TRUE,TRUE,FALSE,TRUE,TRUE,TRUE,TRUE,TRUE,TRUE,,9,4,5,5,3,1,3,6,5,5,10,8,2,4,10,4,4,6,1,10,7,3,1,7
000035,7,100,10,65,15,0.75,11.25,"$1,361.25 ",5/5/2016,Rock,FALSE,TRUE,TRUE,TRUE,TRUE,TRUE,FALSE,TRUE,TRUE,FALSE,TRUE,TRUE,TRUE,TRUE,TRUE,FALSE,TRUE,TRUE,TRUE,TRUE,TRUE,TRUE,TRUE,TRUE,FALSE,TRUE,,1,10,1,9,6,6,5,2,2,5,6,1,6,4,1,6,1,7,6,2,10,5,3,6
000035,6,100,4,65,0,0.75,0,$860.00 ,4/20/2016,Rock,TRUE,TRUE,TRUE,FALSE,TRUE,FALSE,FALSE,TRUE,TRUE,TRUE,FALSE,TRUE,TRUE,TRUE,TRUE,TRUE,TRUE,TRUE,TRUE,FALSE,TRUE,TRUE,TRUE,FALSE,FALSE,FALSE,,10,5,2,3,3,3,5,8,3,7,3,2,4,7,5,4,6,4,7,3,5,4,1,6
000035,10,100,10,65,0,0.75,0,"$1,650.00 ",5/21/2018,Rock,TRUE,TRUE,TRUE,FALSE,TRUE,TRUE,TRUE,TRUE,TRUE,TRUE,TRUE,FALSE,TRUE,TRUE,TRUE,TRUE,FALSE,TRUE,TRUE,TRUE,TRUE,TRUE,TRUE,TRUE,TRUE,TRUE,,8,1,7,7,6,2,6,6,8,6,2,8,7,2,3,3,1,7,9,7,8,7,2,10
000035,10,100,6,65,0,0.75,0,"$1,390.00 ",11/10/2020,Rock,TRUE,TRUE,TRUE,FALSE,TRUE,TRUE,FALSE,TRUE,TRUE,FALSE,TRUE,TRUE,TRUE,TRUE,TRUE,FALSE,TRUE,FALSE,TRUE,FALSE,TRUE,TRUE,TRUE,TRUE,TRUE,TRUE,,2,9,5,5,3,6,6,5,10,8,7,6,3,8,9,9,4,2,4,2,10,7,5,8
000036,2,100,7,65,0,0.75,0,$655.00 ,5/18/2015,Rock,TRUE,TRUE,FALSE,TRUE,TRUE,TRUE,FALSE,TRUE,TRUE,FALSE,FALSE,TRUE,FALSE,TRUE,TRUE,FALSE,TRUE,FALSE,TRUE,TRUE,FALSE,TRUE,FALSE,TRUE,TRUE,TRUE,,7,9,2,1,8,2,10,7,7,6,4,5,3,1,8,4,5,10,3,7,2,4,4,8
000036,9,100,8,65,0,0.75,0,"$1,420.00 ",8/21/2019,Rock,TRUE,TRUE,TRUE,TRUE,TRUE,TRUE,TRUE,TRUE,TRUE,TRUE,TRUE,TRUE,FALSE,TRUE,TRUE,TRUE,TRUE,TRUE,TRUE,TRUE,TRUE,TRUE,TRUE,FALSE,TRUE,TRUE,,9,2,7,3,6,1,5,7,2,5,2,10,2,9,3,4,3,4,7,6,5,5,8,1
000036,10,100,7,65,0,0.75,0,"$1,455.00 ",7/22/2020,Rock,FALSE,TRUE,TRUE,TRUE,FALSE,TRUE,TRUE,FALSE,FALSE,TRUE,FALSE,FALSE,TRUE,FALSE,TRUE,FALSE,FALSE,TRUE,TRUE,TRUE,FALSE,FALSE,FALSE,TRUE,TRUE,TRUE,,5,10,4,9,6,1,6,3,8,10,4,6,6,1,7,5,10,9,4,3,3,4,4,4
000036,2,100,3,65,0,0.75,0,$395.00 ,4/27/2015,Rock,TRUE,FALSE,TRUE,FALSE,FALSE,TRUE,TRUE,FALSE,TRUE,TRUE,TRUE,TRUE,TRUE,TRUE,TRUE,TRUE,TRUE,TRUE,TRUE,TRUE,TRUE,TRUE,TRUE,TRUE,FALSE,TRUE,,10,4,5,7,5,6,9,7,7,10,3,6,7,9,3,9,1,2,6,2,2,8,1,10
000036,3,100,6,65,0,0.75,0,$690.00 ,8/7/2018,Rock,TRUE,TRUE,FALSE,TRUE,TRUE,TRUE,FALSE,TRUE,TRUE,FALSE,TRUE,TRUE,TRUE,FALSE,TRUE,TRUE,TRUE,FALSE,FALSE,TRUE,TRUE,FALSE,TRUE,TRUE,TRUE,TRUE,,2,1,8,2,10,10,2,7,5,5,1,5,8,4,1,5,7,5,7,7,8,10,5,9
000036,3,100,5,65,0,0.75,0,$625.00 ,9/8/2015,Rock,FALSE,TRUE,FALSE,TRUE,TRUE,TRUE,FALSE,TRUE,FALSE,FALSE,TRUE,TRUE,TRUE,TRUE,TRUE,FALSE,FALSE,TRUE,TRUE,TRUE,TRUE,TRUE,TRUE,TRUE,TRUE,FALSE,,3,7,5,6,10,3,2,1,7,1,8,2,3,4,1,8,7,1,7,2,10,6,3,9
000036,5,100,2,65,0,0.75,0,$630.00 ,10/7/2016,Rock,TRUE,TRUE,TRUE,TRUE,TRUE,TRUE,FALSE,TRUE,FALSE,FALSE,TRUE,FALSE,TRUE,TRUE,FALSE,TRUE,TRUE,FALSE,TRUE,TRUE,FALSE,TRUE,TRUE,FALSE,FALSE,TRUE,,7,2,2,5,6,2,7,2,4,5,10,6,7,4,4,7,6,8,2,2,2,2,10,8
000037,8,100,5,65,0,0.75,0,"$1,125.00 ",2/11/2015,Rock,TRUE,TRUE,TRUE,FALSE,TRUE,TRUE,TRUE,TRUE,TRUE,TRUE,TRUE,TRUE,TRUE,FALSE,TRUE,TRUE,TRUE,FALSE,TRUE,FALSE,TRUE,FALSE,TRUE,TRUE,TRUE,FALSE,,5,10,9,7,1,3,2,1,4,5,5,4,7,1,8,5,1,9,7,1,5,3,10,3
000037,2,100,9,65,0,0.75,0,$785.00 ,6/6/2019,Rock,TRUE,FALSE,TRUE,TRUE,FALSE,TRUE,TRUE,TRUE,TRUE,FALSE,TRUE,TRUE,TRUE,FALSE,FALSE,FALSE,FALSE,FALSE,TRUE,TRUE,FALSE,TRUE,TRUE,FALSE,FALSE,TRUE,,7,7,3,4,7,2,9,3,7,3,2,2,10,8,3,10,8,3,10,2,7,9,6,7
000037,10,100,10,65,0,0.75,0,"$1,650.00 ",1/21/2020,Rock,TRUE,TRUE,TRUE,TRUE,TRUE,TRUE,TRUE,TRUE,TRUE,TRUE,TRUE,TRUE,TRUE,FALSE,TRUE,TRUE,TRUE,TRUE,FALSE,FALSE,TRUE,TRUE,TRUE,FALSE,FALSE,TRUE,,8,9,2,6,4,5,2,3,6,9,6,8,8,3,3,7,4,5,8,3,6,7,5,6
000037,3,100,8,65,3,0.75,2.25,$822.25 ,7/26/2020,Rock,TRUE,TRUE,FALSE,TRUE,TRUE,TRUE,TRUE,TRUE,TRUE,TRUE,TRUE,TRUE,TRUE,TRUE,TRUE,TRUE,TRUE,TRUE,FALSE,TRUE,FALSE,FALSE,TRUE,FALSE,TRUE,TRUE,,1,10,8,4,4,3,4,3,8,5,8,1,1,3,5,6,10,6,10,5,9,4,3,3
000037,7,100,2,65,0,0.75,0,$830.00 ,6/24/2020,Rock,TRUE,TRUE,FALSE,TRUE,TRUE,TRUE,FALSE,FALSE,FALSE,TRUE,TRUE,TRUE,TRUE,TRUE,TRUE,TRUE,FALSE,TRUE,TRUE,TRUE,TRUE,FALSE,TRUE,FALSE,TRUE,TRUE,,6,10,8,1,8,4,9,2,3,2,9,5,1,1,3,3,3,1,2,7,9,4,1,6
000038,4,100,10,65,0,0.75,0,"$1,050.00 ",7/12/2020,Rock,TRUE,TRUE,TRUE,TRUE,FALSE,FALSE,TRUE,TRUE,FALSE,FALSE,FALSE,TRUE,FALSE,FALSE,FALSE,TRUE,FALSE,TRUE,TRUE,FALSE,FALSE,TRUE,FALSE,TRUE,FALSE,TRUE,,1,6,7,6,9,1,4,5,7,1,9,9,8,1,4,6,4,7,4,8,7,4,6,6
000038,8,100,6,65,0,0.75,0,"$1,190.00 ",8/21/2020,Rock,TRUE,TRUE,TRUE,TRUE,FALSE,TRUE,FALSE,TRUE,TRUE,TRUE,TRUE,FALSE,FALSE,TRUE,TRUE,TRUE,TRUE,TRUE,TRUE,TRUE,TRUE,TRUE,TRUE,TRUE,TRUE,TRUE,,1,8,2,3,3,5,6,6,2,10,5,9,8,6,1,8,4,10,8,5,8,10,9,9
000038,4,100,10,65,0,0.75,0,"$1,050.00 ",8/29/2020,Rock,TRUE,TRUE,FALSE,FALSE,TRUE,FALSE,TRUE,TRUE,TRUE,FALSE,TRUE,TRUE,TRUE,TRUE,TRUE,TRUE,TRUE,FALSE,TRUE,TRUE,TRUE,FALSE,TRUE,TRUE,FALSE,TRUE,,3,4,9,4,8,8,5,6,9,7,10,8,8,1,5,5,4,1,3,4,10,7,10,4
000038,5,100,9,65,0,0.75,0,"$1,085.00 ",3/4/2016,Rock,TRUE,FALSE,TRUE,TRUE,TRUE,FALSE,FALSE,TRUE,FALSE,TRUE,TRUE,TRUE,FALSE,TRUE,TRUE,TRUE,TRUE,TRUE,TRUE,TRUE,TRUE,TRUE,FALSE,TRUE,FALSE,TRUE,,2,7,3,7,9,7,8,3,5,3,5,2,5,10,3,10,3,8,10,8,7,3,7,3
000038,10,100,10,65,0,0.75,0,"$1,650.00 ",1/9/2017,Rock,TRUE,FALSE,TRUE,TRUE,FALSE,TRUE,FALSE,TRUE,TRUE,TRUE,TRUE,FALSE,TRUE,TRUE,FALSE,TRUE,FALSE,TRUE,TRUE,TRUE,TRUE,FALSE,FALSE,TRUE,TRUE,TRUE,,8,4,2,3,10,5,3,2,9,9,3,1,9,2,9,3,6,1,10,10,9,8,8,10
000038,4,100,3,65,0,0.75,0,$595.00 ,12/12/2015,Rock,TRUE,TRUE,TRUE,FALSE,TRUE,TRUE,TRUE,TRUE,TRUE,TRUE,FALSE,TRUE,TRUE,TRUE,FALSE,TRUE,TRUE,TRUE,TRUE,FALSE,TRUE,TRUE,FALSE,FALSE,FALSE,FALSE,,6,1,5,1,5,8,10,2,9,1,2,1,4,1,6,7,8,10,9,5,3,9,6,3
000038,9,100,2,65,0,0.75,0,"$1,030.00 ",11/22/2015,Rock,TRUE,FALSE,TRUE,TRUE,TRUE,TRUE,FALSE,TRUE,TRUE,FALSE,TRUE,TRUE,TRUE,FALSE,TRUE,TRUE,TRUE,TRUE,TRUE,TRUE,TRUE,TRUE,FALSE,TRUE,FALSE,TRUE,,3,6,7,9,8,10,3,1,10,3,9,2,1,8,8,9,3,10,10,2,2,1,5,2
000038,7,100,9,65,0,0.75,0,"$1,285.00 ",7/20/2016,Rock,TRUE,FALSE,TRUE,TRUE,TRUE,TRUE,TRUE,TRUE,FALSE,TRUE,TRUE,TRUE,FALSE,FALSE,TRUE,TRUE,TRUE,TRUE,TRUE,TRUE,FALSE,TRUE,FALSE,TRUE,TRUE,FALSE,,4,3,5,10,3,7,2,1,7,5,5,4,4,2,10,3,6,7,2,8,8,6,5,8
000038,5,100,4,65,20,0.75,15,$775.00 ,3/17/2017,Rock,TRUE,TRUE,TRUE,TRUE,TRUE,TRUE,TRUE,TRUE,TRUE,FALSE,TRUE,TRUE,TRUE,TRUE,TRUE,TRUE,TRUE,TRUE,TRUE,TRUE,TRUE,TRUE,TRUE,TRUE,TRUE,TRUE,,1,8,1,8,2,2,4,9,7,10,1,2,7,3,4,4,6,7,10,2,1,10,4,3
000039,6,100,8,65,0,0.75,0,"$1,120.00 ",12/14/2018,Rock,TRUE,TRUE,FALSE,TRUE,TRUE,TRUE,TRUE,TRUE,TRUE,TRUE,FALSE,TRUE,FALSE,TRUE,TRUE,TRUE,TRUE,TRUE,FALSE,TRUE,FALSE,TRUE,FALSE,TRUE,TRUE,FALSE,,4,10,10,6,7,6,8,9,8,7,6,8,8,3,6,1,10,2,2,2,9,2,10,6
000039,3,100,5,65,0,0.75,0,$625.00 ,9/10/2015,Rock,TRUE,TRUE,TRUE,TRUE,FALSE,TRUE,FALSE,FALSE,TRUE,FALSE,TRUE,TRUE,TRUE,TRUE,TRUE,TRUE,TRUE,FALSE,TRUE,FALSE,TRUE,TRUE,TRUE,TRUE,TRUE,TRUE,,7,2,6,9,7,2,7,7,6,8,2,1,6,5,1,3,10,2,8,7,2,9,7,9
000039,5,100,2,65,31,0.75,23.25,$653.25 ,3/3/2016,Rock,TRUE,TRUE,TRUE,TRUE,TRUE,TRUE,TRUE,TRUE,FALSE,FALSE,TRUE,FALSE,TRUE,TRUE,TRUE,TRUE,TRUE,FALSE,TRUE,FALSE,TRUE,TRUE,FALSE,FALSE,FALSE,TRUE,,8,2,4,1,4,3,5,4,7,4,4,3,5,5,7,10,3,10,8,3,2,3,8,6
000040,2,100,7,65,0,0.75,0,$655.00 ,10/10/2016,Rock,TRUE,TRUE,TRUE,TRUE,TRUE,TRUE,TRUE,TRUE,TRUE,TRUE,TRUE,TRUE,TRUE,TRUE,TRUE,TRUE,TRUE,TRUE,TRUE,FALSE,FALSE,TRUE,TRUE,TRUE,FALSE,FALSE,,1,7,8,3,5,10,8,4,3,1,6,10,9,5,5,8,9,7,10,9,4,10,7,5
000040,10,100,2,65,0,0.75,0,"$1,130.00 ",6/14/2020,Rock,TRUE,TRUE,TRUE,TRUE,FALSE,TRUE,TRUE,FALSE,TRUE,FALSE,TRUE,TRUE,FALSE,TRUE,FALSE,FALSE,TRUE,TRUE,FALSE,TRUE,FALSE,TRUE,TRUE,TRUE,FALSE,TRUE,,1,5,5,2,6,2,10,2,7,4,4,10,9,2,10,6,8,9,5,5,3,4,3,10
000040,3,100,9,65,0,0.75,0,$885.00 ,1/26/2018,Rock,TRUE,TRUE,FALSE,TRUE,TRUE,TRUE,TRUE,TRUE,TRUE,TRUE,TRUE,TRUE,TRUE,TRUE,TRUE,TRUE,TRUE,TRUE,TRUE,TRUE,TRUE,TRUE,FALSE,TRUE,TRUE,TRUE,,9,6,8,1,8,3,6,5,6,8,7,7,5,6,2,7,5,2,10,2,1,4,1,10
000040,9,100,7,65,0,0.75,0,"$1,355.00 ",11/22/2019,Rock,TRUE,TRUE,TRUE,TRUE,TRUE,TRUE,FALSE,TRUE,TRUE,TRUE,TRUE,TRUE,TRUE,TRUE,TRUE,FALSE,FALSE,TRUE,TRUE,TRUE,FALSE,TRUE,FALSE,TRUE,FALSE,TRUE,,9,4,7,7,4,1,4,9,6,6,8,1,10,8,10,3,7,2,2,8,7,6,1,2
000040,8,100,5,65,0,0.75,0,"$1,125.00 ",7/16/2016,Rock,TRUE,TRUE,FALSE,TRUE,TRUE,TRUE,TRUE,FALSE,TRUE,TRUE,TRUE,FALSE,TRUE,FALSE,TRUE,TRUE,TRUE,FALSE,FALSE,TRUE,TRUE,FALSE,FALSE,TRUE,TRUE,TRUE,,3,5,10,9,9,2,2,4,7,10,9,2,6,6,7,6,5,3,5,9,10,8,9,5
000040,4,100,3,65,0,0.75,0,$595.00 ,11/21/2019,Rock,FALSE,TRUE,TRUE,FALSE,TRUE,TRUE,TRUE,FALSE,TRUE,TRUE,TRUE,TRUE,TRUE,FALSE,TRUE,TRUE,FALSE,FALSE,TRUE,FALSE,TRUE,TRUE,TRUE,FALSE,FALSE,TRUE,,4,1,1,4,3,8,6,2,1,10,7,1,10,1,4,8,5,1,4,4,10,6,2,5
000041,6,100,4,65,0,0.75,0,$860.00 ,1/27/2019,Rock,FALSE,TRUE,TRUE,TRUE,FALSE,TRUE,TRUE,TRUE,TRUE,TRUE,TRUE,TRUE,TRUE,TRUE,FALSE,TRUE,FALSE,FALSE,TRUE,FALSE,TRUE,FALSE,TRUE,FALSE,TRUE,TRUE,,5,3,2,1,4,1,6,5,2,6,9,4,6,4,2,9,2,4,6,2,7,7,1,2
000041,7,100,3,65,0,0.75,0,$895.00 ,6/14/2020,Rock,TRUE,TRUE,TRUE,TRUE,TRUE,FALSE,TRUE,FALSE,TRUE,TRUE,TRUE,TRUE,TRUE,TRUE,TRUE,FALSE,FALSE,TRUE,TRUE,TRUE,TRUE,TRUE,TRUE,FALSE,TRUE,FALSE,,9,5,8,6,7,7,8,10,5,2,4,3,10,5,5,1,10,10,1,7,7,6,4,6
000041,5,100,4,65,0,0.75,0,$760.00 ,8/24/2017,Rock,FALSE,TRUE,TRUE,TRUE,TRUE,TRUE,TRUE,TRUE,FALSE,TRUE,TRUE,TRUE,TRUE,TRUE,TRUE,TRUE,FALSE,TRUE,FALSE,TRUE,TRUE,TRUE,TRUE,TRUE,TRUE,FALSE,,8,8,2,2,5,7,7,10,7,4,1,7,6,8,3,6,2,3,4,7,4,8,6,4
000042,3,100,6,65,0,0.75,0,$690.00 ,9/14/2015,Rock,TRUE,TRUE,TRUE,TRUE,FALSE,FALSE,TRUE,TRUE,TRUE,FALSE,TRUE,FALSE,TRUE,TRUE,TRUE,TRUE,TRUE,TRUE,FALSE,TRUE,TRUE,FALSE,FALSE,TRUE,TRUE,TRUE,,3,9,5,5,2,9,9,1,7,1,5,2,10,4,10,5,6,8,8,9,4,5,6,5
000042,10,100,4,65,0,0.75,0,"$1,260.00 ",9/30/2017,Rock,TRUE,TRUE,TRUE,FALSE,TRUE,TRUE,TRUE,TRUE,TRUE,TRUE,TRUE,FALSE,TRUE,FALSE,FALSE,TRUE,TRUE,FALSE,TRUE,FALSE,TRUE,TRUE,FALSE,FALSE,FALSE,TRUE,,2,10,5,4,2,7,9,1,4,1,10,6,9,5,2,1,7,9,1,9,7,5,3,9
000042,7,100,8,65,0,0.75,0,"$1,220.00 ",8/1/2019,Rock,TRUE,FALSE,TRUE,FALSE,FALSE,FALSE,FALSE,FALSE,FALSE,TRUE,FALSE,TRUE,TRUE,TRUE,TRUE,FALSE,FALSE,FALSE,TRUE,TRUE,TRUE,TRUE,TRUE,TRUE,TRUE,TRUE,,9,1,1,1,4,2,6,3,10,8,6,7,3,9,1,5,2,1,3,3,9,7,9,5
000042,2,100,4,65,0,0.75,0,$460.00 ,4/15/2018,Rock,TRUE,TRUE,TRUE,TRUE,TRUE,TRUE,TRUE,TRUE,TRUE,FALSE,TRUE,TRUE,TRUE,TRUE,FALSE,TRUE,TRUE,TRUE,TRUE,TRUE,FALSE,TRUE,TRUE,TRUE,TRUE,FALSE,,6,4,7,3,10,8,2,8,4,2,2,2,10,4,4,7,7,9,1,9,10,9,5,5
000042,5,100,2,65,0,0.75,0,$630.00 ,3/6/2015,Rock,TRUE,TRUE,TRUE,TRUE,TRUE,TRUE,TRUE,FALSE,TRUE,TRUE,FALSE,TRUE,TRUE,TRUE,TRUE,TRUE,TRUE,TRUE,FALSE,TRUE,FALSE,FALSE,TRUE,TRUE,TRUE,TRUE,,1,10,9,2,5,6,9,4,3,5,7,1,2,1,6,5,8,9,9,9,7,2,8,1
000043,6,100,9,65,0,0.75,0,"$1,185.00 ",8/15/2016,R&B,FALSE,TRUE,TRUE,TRUE,FALSE,TRUE,TRUE,TRUE,TRUE,TRUE,TRUE,TRUE,FALSE,FALSE,TRUE,TRUE,TRUE,TRUE,FALSE,TRUE,FALSE,TRUE,FALSE,TRUE,FALSE,TRUE,,4,3,9,2,4,10,3,5,8,4,7,6,8,4,10,5,8,3,3,2,10,1,6,9
000043,2,100,4,65,0,0.75,0,$460.00 ,7/31/2020,R&B,TRUE,FALSE,TRUE,TRUE,TRUE,TRUE,TRUE,FALSE,TRUE,TRUE,FALSE,TRUE,FALSE,TRUE,FALSE,FALSE,FALSE,FALSE,TRUE,TRUE,TRUE,FALSE,TRUE,TRUE,FALSE,TRUE,,5,8,2,1,9,2,6,5,3,1,10,10,7,10,6,10,5,2,8,1,8,3,1,10
000044,8,100,9,65,0,0.75,0,"$1,385.00 ",12/8/2017,Metal,TRUE,TRUE,TRUE,FALSE,TRUE,FALSE,TRUE,TRUE,TRUE,TRUE,TRUE,TRUE,TRUE,TRUE,TRUE,FALSE,FALSE,TRUE,TRUE,FALSE,FALSE,TRUE,FALSE,FALSE,FALSE,TRUE,,4,5,6,3,5,5,10,1,7,6,2,9,8,3,5,10,1,7,10,1,3,5,4,10
000044,8,100,5,65,0,0.75,0,"$1,125.00 ",10/13/2015,Metal,TRUE,TRUE,TRUE,TRUE,TRUE,FALSE,TRUE,TRUE,TRUE,TRUE,TRUE,FALSE,TRUE,FALSE,TRUE,FALSE,FALSE,FALSE,TRUE,TRUE,TRUE,TRUE,TRUE,TRUE,TRUE,TRUE,,4,7,6,3,1,8,3,5,2,3,1,9,2,4,9,6,5,1,8,3,1,2,3,9
000044,7,100,8,65,0,0.75,0,"$1,220.00 ",8/28/2017,Metal,TRUE,TRUE,TRUE,FALSE,FALSE,TRUE,TRUE,FALSE,TRUE,TRUE,TRUE,TRUE,TRUE,TRUE,TRUE,FALSE,TRUE,TRUE,TRUE,TRUE,TRUE,TRUE,TRUE,TRUE,TRUE,TRUE,,10,5,5,1,5,1,6,6,7,10,1,5,8,5,9,6,6,7,5,3,8,8,8,1
000044,4,100,5,65,0,0.75,0,$725.00 ,6/4/2016,Metal,TRUE,TRUE,FALSE,FALSE,TRUE,TRUE,TRUE,FALSE,FALSE,TRUE,TRUE,FALSE,TRUE,TRUE,TRUE,TRUE,TRUE,FALSE,TRUE,TRUE,TRUE,TRUE,FALSE,TRUE,FALSE,TRUE,,3,9,8,9,6,9,6,3,1,2,4,7,8,5,7,7,1,5,7,1,5,1,5,10
000045,6,100,4,65,24,0.75,18,$878.00 ,1/18/2017,R&B,TRUE,TRUE,FALSE,TRUE,TRUE,TRUE,TRUE,TRUE,TRUE,TRUE,TRUE,FALSE,TRUE,TRUE,TRUE,TRUE,TRUE,TRUE,FALSE,TRUE,TRUE,FALSE,TRUE,TRUE,TRUE,FALSE,,1,10,10,2,7,3,10,1,4,8,6,5,3,10,8,1,5,10,3,6,2,4,9,10
000046,8,100,10,65,0,0.75,0,"$1,450.00 ",1/5/2018,Pop,TRUE,TRUE,TRUE,TRUE,TRUE,TRUE,TRUE,TRUE,TRUE,TRUE,FALSE,TRUE,FALSE,TRUE,FALSE,TRUE,TRUE,FALSE,TRUE,FALSE,FALSE,TRUE,TRUE,TRUE,TRUE,TRUE,,6,5,1,5,10,2,2,1,10,6,9,7,3,10,10,2,2,2,1,5,2,8,4,8
000046,9,100,4,65,0,0.75,0,"$1,160.00 ",9/27/2019,Pop,TRUE,FALSE,FALSE,TRUE,TRUE,TRUE,FALSE,TRUE,TRUE,TRUE,TRUE,TRUE,FALSE,TRUE,TRUE,TRUE,FALSE,TRUE,FALSE,TRUE,TRUE,TRUE,FALSE,TRUE,FALSE,TRUE,,3,5,3,5,7,8,8,9,8,3,10,10,8,7,4,3,2,3,4,3,3,2,3,8
000046,8,100,7,65,0,0.75,0,"$1,255.00 ",5/7/2015,Pop,TRUE,TRUE,TRUE,TRUE,TRUE,TRUE,TRUE,TRUE,TRUE,TRUE,TRUE,TRUE,FALSE,TRUE,TRUE,TRUE,TRUE,TRUE,TRUE,TRUE,TRUE,TRUE,FALSE,TRUE,TRUE,TRUE,,8,10,7,6,5,2,10,6,7,8,8,3,8,9,5,1,4,7,3,7,8,4,3,1
000046,4,100,7,65,44,0.75,33,$888.00 ,4/19/2018,Pop,FALSE,TRUE,TRUE,TRUE,TRUE,FALSE,TRUE,FALSE,TRUE,TRUE,TRUE,TRUE,TRUE,FALSE,TRUE,FALSE,TRUE,TRUE,FALSE,TRUE,FALSE,TRUE,TRUE,FALSE,TRUE,FALSE,,3,1,4,1,5,5,2,9,3,9,6,4,10,5,5,2,10,3,5,1,10,7,4,6
000047,4,100,3,65,0,0.75,0,$595.00 ,9/30/2015,Hip Hop,TRUE,TRUE,TRUE,TRUE,TRUE,TRUE,FALSE,FALSE,TRUE,FALSE,TRUE,FALSE,TRUE,TRUE,FALSE,FALSE,FALSE,TRUE,TRUE,TRUE,TRUE,FALSE,TRUE,FALSE,FALSE,TRUE,,9,5,1,10,4,3,2,9,4,10,10,9,9,7,7,5,7,4,4,5,3,8,9,3
000047,2,100,5,65,19,0.75,14.25,$539.25 ,8/16/2017,Hip Hop,FALSE,TRUE,TRUE,TRUE,TRUE,TRUE,TRUE,TRUE,TRUE,TRUE,TRUE,TRUE,TRUE,FALSE,FALSE,FALSE,TRUE,FALSE,TRUE,TRUE,TRUE,TRUE,TRUE,TRUE,TRUE,FALSE,,5,2,4,10,6,6,1,3,8,2,3,2,3,1,2,6,3,1,7,1,3,5,1,10
000047,6,100,9,65,0,0.75,0,"$1,185.00 ",12/9/2019,Hip Hop,FALSE,TRUE,TRUE,TRUE,TRUE,TRUE,TRUE,FALSE,TRUE,TRUE,TRUE,TRUE,TRUE,TRUE,TRUE,TRUE,FALSE,TRUE,TRUE,TRUE,FALSE,TRUE,TRUE,TRUE,TRUE,TRUE,,8,10,3,9,2,9,4,10,10,9,2,2,4,10,5,6,5,1,5,6,1,4,8,10
000047,2,100,6,65,40,0.75,30,$620.00 ,4/9/2017,Hip Hop,TRUE,TRUE,FALSE,TRUE,TRUE,TRUE,FALSE,FALSE,TRUE,TRUE,TRUE,TRUE,TRUE,TRUE,TRUE,TRUE,FALSE,FALSE,FALSE,FALSE,TRUE,TRUE,TRUE,TRUE,FALSE,FALSE,,4,7,1,1,3,8,7,10,3,1,1,1,4,4,6,8,5,10,9,6,5,2,1,8
000047,4,100,7,65,0,0.75,0,$855.00 ,1/25/2018,Hip Hop,TRUE,FALSE,TRUE,FALSE,TRUE,TRUE,TRUE,TRUE,FALSE,FALSE,TRUE,TRUE,FALSE,TRUE,TRUE,TRUE,TRUE,TRUE,FALSE,TRUE,TRUE,TRUE,TRUE,TRUE,TRUE,TRUE,,8,8,5,2,10,3,4,2,6,1,2,7,1,5,9,1,1,8,5,10,5,4,2,9
000047,4,100,4,65,0,0.75,0,$660.00 ,6/4/2020,Hip Hop,TRUE,TRUE,FALSE,TRUE,FALSE,TRUE,TRUE,FALSE,FALSE,TRUE,TRUE,FALSE,TRUE,FALSE,FALSE,TRUE,TRUE,TRUE,FALSE,TRUE,TRUE,TRUE,TRUE,TRUE,TRUE,FALSE,,6,10,4,3,6,10,7,8,9,7,3,8,6,3,6,5,5,5,5,5,4,9,3,1
000047,10,100,7,65,16,0.75,12,"$1,467.00 ",9/30/2019,Hip Hop,TRUE,FALSE,TRUE,FALSE,TRUE,TRUE,FALSE,TRUE,TRUE,TRUE,TRUE,TRUE,FALSE,TRUE,FALSE,TRUE,TRUE,FALSE,TRUE,TRUE,TRUE,TRUE,FALSE,FALSE,TRUE,TRUE,,6,4,3,9,5,8,4,7,9,6,7,4,5,1,5,1,5,5,7,3,1,5,6,8
000048,6,100,2,65,0,0.75,0,$730.00 ,9/19/2018,R&B,TRUE,TRUE,FALSE,FALSE,TRUE,TRUE,TRUE,FALSE,TRUE,TRUE,TRUE,TRUE,TRUE,FALSE,TRUE,TRUE,FALSE,TRUE,TRUE,TRUE,FALSE,TRUE,TRUE,TRUE,TRUE,TRUE,,3,8,5,9,4,2,7,9,8,8,4,1,8,7,6,4,10,5,7,10,3,1,6,5
000048,5,100,7,65,0,0.75,0,$955.00 ,8/16/2018,R&B,FALSE,TRUE,TRUE,FALSE,TRUE,TRUE,TRUE,TRUE,TRUE,TRUE,TRUE,FALSE,TRUE,TRUE,FALSE,TRUE,TRUE,TRUE,TRUE,FALSE,TRUE,TRUE,TRUE,TRUE,TRUE,TRUE,,5,6,2,9,9,10,6,8,4,4,1,7,10,8,3,7,3,9,10,4,6,10,6,10
000048,4,100,2,65,0,0.75,0,$530.00 ,7/27/2017,R&B,TRUE,TRUE,TRUE,TRUE,TRUE,TRUE,FALSE,TRUE,FALSE,TRUE,TRUE,TRUE,TRUE,TRUE,FALSE,FALSE,TRUE,FALSE,FALSE,TRUE,TRUE,TRUE,TRUE,FALSE,TRUE,FALSE,,6,7,10,10,5,8,1,1,2,9,2,2,8,5,7,6,2,5,1,5,9,5,2,8
000048,2,100,9,65,0,0.75,0,$785.00 ,5/12/2015,R&B,TRUE,FALSE,TRUE,FALSE,TRUE,FALSE,TRUE,FALSE,FALSE,TRUE,TRUE,TRUE,TRUE,TRUE,TRUE,TRUE,FALSE,TRUE,FALSE,TRUE,FALSE,TRUE,TRUE,TRUE,TRUE,TRUE,,6,6,4,5,7,4,10,1,5,8,6,6,7,1,5,6,6,8,6,10,2,8,1,3
000048,5,100,8,65,0,0.75,0,"$1,020.00 ",3/29/2018,R&B,FALSE,TRUE,TRUE,TRUE,TRUE,TRUE,TRUE,FALSE,TRUE,FALSE,TRUE,TRUE,TRUE,TRUE,FALSE,TRUE,TRUE,FALSE,TRUE,TRUE,FALSE,FALSE,TRUE,TRUE,TRUE,TRUE,,4,7,7,9,9,10,8,1,6,4,4,7,3,5,7,4,4,4,1,5,1,3,3,8
000049,10,100,10,65,0,0.75,0,"$1,650.00 ",6/21/2020,R&B,TRUE,TRUE,TRUE,TRUE,TRUE,TRUE,TRUE,TRUE,TRUE,FALSE,TRUE,TRUE,TRUE,TRUE,TRUE,TRUE,TRUE,FALSE,TRUE,FALSE,TRUE,TRUE,TRUE,TRUE,TRUE,TRUE,,7,2,3,10,1,2,1,7,9,9,5,7,6,4,9,10,6,4,7,8,5,3,10,6
000049,3,100,5,65,0,0.75,0,$625.00 ,4/10/2018,R&B,TRUE,TRUE,TRUE,TRUE,TRUE,TRUE,FALSE,FALSE,TRUE,TRUE,TRUE,TRUE,TRUE,TRUE,TRUE,TRUE,FALSE,FALSE,TRUE,TRUE,TRUE,FALSE,TRUE,TRUE,FALSE,TRUE,,7,3,3,8,2,8,5,9,5,5,7,5,10,8,4,8,4,3,2,2,10,7,6,1
000049,7,100,2,65,0,0.75,0,$830.00 ,1/2/2020,R&B,TRUE,TRUE,FALSE,TRUE,TRUE,TRUE,TRUE,FALSE,TRUE,TRUE,TRUE,TRUE,TRUE,TRUE,TRUE,TRUE,TRUE,TRUE,TRUE,TRUE,TRUE,TRUE,TRUE,TRUE,FALSE,TRUE,,7,10,2,2,6,10,8,4,3,5,10,8,10,6,4,6,3,3,5,3,8,10,9,5
000050,4,100,6,65,0,0.75,0,$790.00 ,7/14/2015,Rock,TRUE,TRUE,TRUE,TRUE,TRUE,FALSE,TRUE,TRUE,FALSE,TRUE,FALSE,FALSE,TRUE,TRUE,TRUE,TRUE,TRUE,FALSE,TRUE,FALSE,TRUE,FALSE,FALSE,TRUE,TRUE,TRUE,,2,9,4,7,1,7,1,3,8,3,10,7,8,5,3,5,1,1,5,9,9,8,6,8
000050,8,100,7,65,0,0.75,0,"$1,255.00 ",5/30/2020,Rock,TRUE,FALSE,TRUE,TRUE,TRUE,TRUE,TRUE,TRUE,TRUE,TRUE,TRUE,TRUE,TRUE,TRUE,TRUE,TRUE,FALSE,TRUE,TRUE,TRUE,FALSE,TRUE,TRUE,FALSE,TRUE,TRUE,,8,4,2,3,1,9,9,3,10,3,2,2,5,10,2,8,7,8,10,1,9,8,6,4
000050,3,100,6,65,0,0.75,0,$690.00 ,7/4/2020,Rock,FALSE,FALSE,TRUE,TRUE,TRUE,FALSE,FALSE,TRUE,TRUE,TRUE,TRUE,TRUE,TRUE,FALSE,TRUE,TRUE,TRUE,TRUE,TRUE,TRUE,TRUE,FALSE,FALSE,TRUE,TRUE,FALSE,,7,7,1,4,7,4,9,1,5,6,5,10,10,9,6,2,4,9,6,3,6,6,1,10
000050,2,100,8,65,0,0.75,0,$720.00 ,8/22/2020,Rock,TRUE,TRUE,TRUE,TRUE,FALSE,TRUE,TRUE,TRUE,TRUE,TRUE,TRUE,TRUE,TRUE,TRUE,FALSE,FALSE,TRUE,FALSE,TRUE,TRUE,FALSE,FALSE,FALSE,FALSE,TRUE,TRUE,,7,5,3,1,4,5,8,1,1,3,5,8,9,7,3,1,6,4,8,1,4,7,1,6
000051,6,100,8,65,0,0.75,0,"$1,120.00 ",2/1/2017,Hip Hop,TRUE,TRUE,TRUE,TRUE,FALSE,FALSE,TRUE,TRUE,TRUE,TRUE,TRUE,TRUE,TRUE,FALSE,FALSE,TRUE,TRUE,TRUE,FALSE,TRUE,TRUE,TRUE,TRUE,TRUE,TRUE,FALSE,,4,10,1,10,1,4,2,7,10,5,8,9,2,2,6,3,9,5,3,3,9,6,4,4
000051,2,100,4,65,0,0.75,0,$460.00 ,11/1/2018,Hip Hop,TRUE,TRUE,TRUE,TRUE,FALSE,FALSE,FALSE,FALSE,TRUE,TRUE,TRUE,TRUE,FALSE,TRUE,TRUE,FALSE,TRUE,TRUE,TRUE,TRUE,FALSE,FALSE,TRUE,FALSE,TRUE,TRUE,,10,10,9,4,4,5,9,9,5,4,5,3,5,7,4,8,5,10,9,4,7,7,10,9
000052,3,100,7,65,0,0.75,0,$755.00 ,6/21/2017,Pop,TRUE,TRUE,TRUE,TRUE,TRUE,TRUE,TRUE,TRUE,TRUE,FALSE,TRUE,TRUE,TRUE,FALSE,TRUE,FALSE,FALSE,TRUE,TRUE,TRUE,FALSE,TRUE,TRUE,TRUE,TRUE,TRUE,,3,10,6,5,6,7,3,5,1,3,9,6,3,7,9,10,6,7,9,8,3,5,3,7
000052,9,100,10,65,0,0.75,0,"$1,550.00 ",7/24/2018,Pop,TRUE,TRUE,TRUE,FALSE,TRUE,FALSE,TRUE,TRUE,TRUE,TRUE,TRUE,TRUE,TRUE,TRUE,FALSE,TRUE,TRUE,FALSE,TRUE,TRUE,TRUE,FALSE,FALSE,TRUE,FALSE,TRUE,,5,1,9,7,4,9,2,3,2,9,1,9,2,5,5,4,4,5,4,6,10,1,3,10
000052,9,100,7,65,0,0.75,0,"$1,355.00 ",6/3/2016,Pop,FALSE,TRUE,TRUE,TRUE,TRUE,FALSE,TRUE,TRUE,TRUE,TRUE,TRUE,FALSE,TRUE,TRUE,TRUE,FALSE,TRUE,FALSE,TRUE,TRUE,TRUE,TRUE,TRUE,TRUE,TRUE,TRUE,,10,7,5,7,2,6,2,8,10,6,1,1,5,5,2,7,1,9,9,9,4,9,5,8
000052,7,100,6,65,0,0.75,0,"$1,090.00 ",1/26/2019,Pop,TRUE,TRUE,TRUE,FALSE,FALSE,FALSE,TRUE,TRUE,TRUE,TRUE,TRUE,TRUE,TRUE,TRUE,TRUE,TRUE,TRUE,FALSE,TRUE,TRUE,FALSE,TRUE,FALSE,TRUE,TRUE,FALSE,,1,8,2,4,1,10,5,8,8,8,7,9,8,6,7,8,2,4,6,8,7,8,6,2
000052,10,100,6,65,28,0.75,21,"$1,411.00 ",7/20/2017,Pop,TRUE,TRUE,TRUE,TRUE,FALSE,TRUE,TRUE,TRUE,FALSE,TRUE,TRUE,TRUE,TRUE,FALSE,TRUE,TRUE,FALSE,TRUE,TRUE,TRUE,TRUE,TRUE,FALSE,TRUE,TRUE,TRUE,,6,10,7,6,5,8,1,10,4,9,2,8,8,3,8,1,2,2,3,7,9,5,3,1
000052,7,100,6,65,0,0.75,0,"$1,090.00 ",6/19/2017,Pop,TRUE,FALSE,FALSE,TRUE,TRUE,TRUE,TRUE,TRUE,TRUE,FALSE,TRUE,FALSE,TRUE,FALSE,FALSE,FALSE,TRUE,TRUE,TRUE,TRUE,TRUE,FALSE,TRUE,TRUE,FALSE,FALSE,,2,3,6,7,7,6,8,2,10,2,6,3,10,10,7,8,2,10,9,8,7,4,10,3
000052,6,100,8,65,0,0.75,0,"$1,120.00 ",10/16/2017,Pop,FALSE,TRUE,TRUE,TRUE,TRUE,TRUE,TRUE,TRUE,FALSE,TRUE,TRUE,TRUE,TRUE,TRUE,TRUE,FALSE,TRUE,TRUE,TRUE,FALSE,TRUE,TRUE,TRUE,TRUE,TRUE,FALSE,,2,3,7,6,2,10,2,1,2,10,10,10,4,8,8,5,8,6,5,10,3,9,3,9
000053,10,100,7,65,0,0.75,0,"$1,455.00 ",3/24/2016,Metal,TRUE,TRUE,TRUE,TRUE,TRUE,FALSE,TRUE,TRUE,FALSE,FALSE,FALSE,TRUE,TRUE,TRUE,FALSE,TRUE,TRUE,TRUE,TRUE,TRUE,TRUE,TRUE,FALSE,FALSE,TRUE,FALSE,,7,7,2,5,1,4,4,1,3,6,10,5,9,5,2,3,3,8,10,3,5,2,10,8
000053,2,100,9,65,0,0.75,0,$785.00 ,10/18/2017,Metal,TRUE,TRUE,TRUE,TRUE,TRUE,TRUE,TRUE,TRUE,TRUE,TRUE,TRUE,TRUE,FALSE,TRUE,TRUE,FALSE,FALSE,TRUE,FALSE,FALSE,FALSE,FALSE,TRUE,FALSE,TRUE,TRUE,,7,10,2,5,8,1,3,7,7,10,8,8,4,10,9,7,2,7,1,4,4,10,3,10
000053,5,100,8,65,0,0.75,0,"$1,020.00 ",1/27/2019,Metal,TRUE,TRUE,TRUE,TRUE,TRUE,TRUE,FALSE,TRUE,FALSE,TRUE,TRUE,TRUE,TRUE,TRUE,TRUE,TRUE,FALSE,TRUE,TRUE,TRUE,FALSE,TRUE,TRUE,TRUE,FALSE,TRUE,,4,7,8,5,2,2,1,10,8,1,8,6,10,6,3,10,1,4,10,6,8,9,5,7
000053,8,100,3,65,0,0.75,0,$995.00 ,5/29/2019,Metal,TRUE,TRUE,FALSE,FALSE,TRUE,TRUE,TRUE,FALSE,TRUE,FALSE,TRUE,FALSE,TRUE,TRUE,TRUE,TRUE,FALSE,TRUE,TRUE,TRUE,TRUE,TRUE,TRUE,TRUE,FALSE,TRUE,,6,7,8,8,10,6,9,7,7,7,7,1,2,3,10,10,7,10,9,10,9,7,1,4
000053,6,100,3,65,17,0.75,12.75,$807.75 ,7/14/2017,Metal,TRUE,TRUE,FALSE,TRUE,TRUE,TRUE,TRUE,FALSE,TRUE,FALSE,TRUE,TRUE,FALSE,FALSE,TRUE,TRUE,TRUE,TRUE,TRUE,FALSE,TRUE,TRUE,TRUE,TRUE,TRUE,FALSE,,4,10,7,3,6,10,3,2,5,7,7,1,4,7,1,7,9,4,3,10,10,6,2,10
000053,2,100,7,65,43,0.75,32.25,$687.25 ,11/22/2020,Metal,TRUE,TRUE,TRUE,TRUE,FALSE,FALSE,FALSE,FALSE,TRUE,TRUE,TRUE,FALSE,TRUE,TRUE,FALSE,FALSE,FALSE,TRUE,TRUE,TRUE,TRUE,FALSE,TRUE,FALSE,FALSE,TRUE,,6,2,7,5,7,2,3,10,7,8,5,9,7,1,1,1,6,4,3,8,6,5,1,7
000053,8,100,4,65,0,0.75,0,"$1,060.00 ",3/20/2020,Metal,FALSE,TRUE,FALSE,FALSE,FALSE,TRUE,FALSE,TRUE,TRUE,TRUE,TRUE,TRUE,FALSE,FALSE,TRUE,FALSE,TRUE,TRUE,TRUE,TRUE,TRUE,TRUE,FALSE,TRUE,FALSE,TRUE,,2,2,5,3,9,2,5,5,1,5,8,7,4,5,8,7,9,3,5,4,10,5,10,7
000054,6,100,2,65,0,0.75,0,$730.00 ,3/2/2016,Country,FALSE,FALSE,TRUE,TRUE,TRUE,TRUE,TRUE,FALSE,TRUE,TRUE,TRUE,FALSE,TRUE,FALSE,TRUE,TRUE,TRUE,TRUE,FALSE,TRUE,TRUE,FALSE,TRUE,TRUE,TRUE,TRUE,,8,6,7,7,10,10,3,3,7,8,6,9,6,10,4,10,10,8,7,2,5,1,3,10
000054,5,100,4,65,0,0.75,0,$760.00 ,3/11/2016,Country,TRUE,TRUE,TRUE,TRUE,TRUE,TRUE,FALSE,TRUE,TRUE,TRUE,TRUE,TRUE,TRUE,TRUE,TRUE,TRUE,TRUE,TRUE,TRUE,TRUE,FALSE,FALSE,TRUE,FALSE,TRUE,TRUE,,5,10,9,2,9,7,10,7,1,4,4,7,6,10,5,1,6,9,3,6,8,3,2,2
000055,6,100,3,65,0,0.75,0,$795.00 ,8/16/2017,Metal,TRUE,TRUE,TRUE,TRUE,TRUE,TRUE,FALSE,TRUE,TRUE,TRUE,TRUE,TRUE,TRUE,TRUE,TRUE,TRUE,TRUE,TRUE,FALSE,TRUE,TRUE,TRUE,TRUE,TRUE,TRUE,FALSE,,10,2,4,3,7,9,10,2,8,2,9,10,6,4,2,10,1,2,10,1,10,4,7,5
000055,2,100,5,65,0,0.75,0,$525.00 ,6/3/2017,Metal,TRUE,TRUE,FALSE,TRUE,TRUE,TRUE,TRUE,FALSE,TRUE,FALSE,TRUE,TRUE,TRUE,TRUE,FALSE,FALSE,FALSE,TRUE,TRUE,FALSE,TRUE,TRUE,FALSE,TRUE,TRUE,FALSE,,6,2,5,9,1,6,4,10,3,5,1,7,3,2,2,1,7,10,2,3,9,8,2,4
000055,5,100,2,65,0,0.75,0,$630.00 ,11/9/2015,Metal,FALSE,FALSE,FALSE,TRUE,TRUE,TRUE,TRUE,TRUE,TRUE,TRUE,TRUE,TRUE,TRUE,FALSE,TRUE,TRUE,TRUE,FALSE,FALSE,TRUE,FALSE,TRUE,FALSE,TRUE,TRUE,TRUE,,5,4,1,7,9,4,1,9,10,5,4,7,4,7,2,3,4,7,7,4,8,10,6,7
000055,5,100,9,65,22,0.75,16.5,"$1,101.50 ",9/14/2020,Metal,TRUE,TRUE,TRUE,TRUE,FALSE,TRUE,TRUE,TRUE,TRUE,TRUE,FALSE,FALSE,FALSE,FALSE,TRUE,TRUE,FALSE,FALSE,TRUE,TRUE,TRUE,TRUE,TRUE,FALSE,TRUE,TRUE,,3,8,8,2,10,2,1,6,3,10,8,4,3,3,1,6,3,9,1,10,5,7,7,8
000055,10,100,9,65,0,0.75,0,"$1,585.00 ",11/3/2018,Metal,TRUE,TRUE,TRUE,TRUE,FALSE,TRUE,TRUE,TRUE,TRUE,TRUE,TRUE,TRUE,TRUE,TRUE,TRUE,TRUE,TRUE,TRUE,TRUE,TRUE,TRUE,TRUE,TRUE,TRUE,TRUE,TRUE,,7,9,3,10,1,6,10,5,6,5,9,4,3,1,8,9,7,8,9,9,2,10,4,5
000056,2,100,10,65,0,0.75,0,$850.00 ,1/6/2019,Gospel,TRUE,TRUE,TRUE,TRUE,FALSE,TRUE,TRUE,TRUE,FALSE,TRUE,FALSE,TRUE,FALSE,FALSE,TRUE,FALSE,TRUE,TRUE,TRUE,TRUE,FALSE,TRUE,TRUE,TRUE,TRUE,TRUE,,2,7,1,7,5,9,2,8,9,6,7,5,3,9,6,1,5,4,1,3,4,1,2,7
000056,7,100,3,65,0,0.75,0,$895.00 ,11/17/2020,Gospel,FALSE,FALSE,FALSE,TRUE,TRUE,TRUE,TRUE,TRUE,TRUE,FALSE,TRUE,TRUE,TRUE,FALSE,FALSE,TRUE,TRUE,TRUE,TRUE,TRUE,FALSE,TRUE,TRUE,TRUE,TRUE,TRUE,,8,1,6,6,7,7,8,1,2,9,3,5,6,7,6,1,4,6,5,1,10,7,10,5
000056,4,100,5,65,0,0.75,0,$725.00 ,9/27/2019,Gospel,TRUE,TRUE,FALSE,FALSE,FALSE,TRUE,TRUE,TRUE,TRUE,TRUE,TRUE,FALSE,FALSE,FALSE,TRUE,TRUE,TRUE,TRUE,TRUE,TRUE,TRUE,TRUE,TRUE,TRUE,TRUE,TRUE,,2,7,4,10,1,8,3,3,8,3,3,7,5,7,3,6,3,9,5,4,7,8,5,8
000056,10,100,10,65,0,0.75,0,"$1,650.00 ",12/3/2016,Gospel,FALSE,FALSE,TRUE,FALSE,TRUE,TRUE,TRUE,FALSE,TRUE,TRUE,TRUE,TRUE,TRUE,TRUE,FALSE,TRUE,TRUE,TRUE,FALSE,TRUE,TRUE,FALSE,TRUE,FALSE,TRUE,FALSE,,10,1,5,2,4,3,10,7,10,7,1,2,1,5,5,4,9,2,2,8,5,3,1,10
000056,10,100,6,65,7,0.75,5.25,"$1,395.25 ",9/14/2016,Gospel,TRUE,TRUE,TRUE,TRUE,TRUE,TRUE,TRUE,TRUE,FALSE,FALSE,TRUE,TRUE,TRUE,FALSE,TRUE,TRUE,TRUE,FALSE,TRUE,TRUE,FALSE,TRUE,TRUE,TRUE,FALSE,FALSE,,2,5,9,5,9,10,1,10,9,6,2,8,6,2,8,5,2,8,1,10,1,6,4,7
000056,4,100,6,65,0,0.75,0,$790.00 ,6/23/2017,Gospel,TRUE,TRUE,TRUE,TRUE,TRUE,TRUE,FALSE,TRUE,TRUE,FALSE,TRUE,TRUE,TRUE,TRUE,TRUE,TRUE,FALSE,TRUE,TRUE,TRUE,TRUE,TRUE,TRUE,TRUE,FALSE,FALSE,,9,5,7,3,10,6,2,8,6,6,6,6,4,5,8,6,5,5,4,7,9,4,10,7
000057,2,100,6,65,0,0.75,0,$590.00 ,6/14/2020,R&B,FALSE,TRUE,TRUE,TRUE,TRUE,TRUE,TRUE,FALSE,FALSE,TRUE,TRUE,FALSE,TRUE,FALSE,FALSE,FALSE,TRUE,FALSE,TRUE,TRUE,FALSE,TRUE,TRUE,TRUE,TRUE,TRUE,,3,2,9,1,3,9,2,8,5,4,4,1,5,3,4,8,7,6,1,5,1,5,3,4
000057,3,100,3,65,0,0.75,0,$495.00 ,10/9/2020,R&B,TRUE,FALSE,TRUE,TRUE,TRUE,TRUE,TRUE,FALSE,TRUE,TRUE,TRUE,TRUE,TRUE,FALSE,FALSE,TRUE,TRUE,TRUE,TRUE,TRUE,FALSE,TRUE,FALSE,FALSE,TRUE,TRUE,,2,6,5,5,9,10,7,7,1,3,7,4,5,5,10,5,6,1,10,3,4,10,9,3
000058,10,100,3,65,0,0.75,0,"$1,195.00 ",9/8/2018,Country,TRUE,TRUE,TRUE,FALSE,TRUE,TRUE,TRUE,FALSE,TRUE,TRUE,FALSE,TRUE,FALSE,TRUE,TRUE,TRUE,TRUE,FALSE,TRUE,TRUE,FALSE,TRUE,TRUE,TRUE,TRUE,FALSE,,4,3,5,5,8,4,4,7,9,3,5,3,6,1,8,4,8,1,10,3,3,10,8,1
000058,4,100,8,65,0,0.75,0,$920.00 ,6/8/2020,Country,TRUE,TRUE,TRUE,TRUE,TRUE,TRUE,TRUE,TRUE,TRUE,TRUE,FALSE,FALSE,TRUE,TRUE,TRUE,TRUE,FALSE,TRUE,FALSE,FALSE,FALSE,TRUE,TRUE,TRUE,TRUE,TRUE,,10,3,3,4,4,4,9,2,6,4,9,4,3,3,1,1,2,9,6,8,2,7,5,4
000058,6,100,7,65,0,0.75,0,"$1,055.00 ",5/7/2016,Country,TRUE,TRUE,TRUE,TRUE,TRUE,TRUE,TRUE,FALSE,TRUE,FALSE,TRUE,TRUE,TRUE,TRUE,TRUE,TRUE,TRUE,TRUE,FALSE,TRUE,TRUE,TRUE,FALSE,TRUE,TRUE,TRUE,,4,7,2,1,2,2,7,7,5,5,8,3,6,1,7,5,4,10,1,8,6,6,10,2
000058,2,100,3,65,0,0.75,0,$395.00 ,4/3/2020,Country,FALSE,TRUE,FALSE,FALSE,FALSE,TRUE,FALSE,FALSE,TRUE,TRUE,FALSE,TRUE,TRUE,FALSE,FALSE,FALSE,FALSE,TRUE,TRUE,FALSE,FALSE,TRUE,FALSE,TRUE,TRUE,TRUE,,3,10,7,6,7,5,6,1,7,4,9,5,3,3,8,6,1,1,7,2,10,2,6,5
000058,4,100,4,65,0,0.75,0,$660.00 ,3/26/2018,Country,FALSE,TRUE,FALSE,TRUE,FALSE,TRUE,TRUE,FALSE,TRUE,TRUE,FALSE,TRUE,FALSE,TRUE,TRUE,TRUE,TRUE,TRUE,TRUE,TRUE,TRUE,TRUE,FALSE,FALSE,TRUE,TRUE,,9,2,9,5,2,6,7,7,5,10,6,8,6,6,1,8,8,7,8,8,1,4,8,4
000059,2,100,4,65,0,0.75,0,$460.00 ,4/28/2017,Rock,TRUE,TRUE,TRUE,TRUE,TRUE,FALSE,TRUE,FALSE,TRUE,TRUE,TRUE,TRUE,TRUE,TRUE,TRUE,TRUE,TRUE,FALSE,FALSE,TRUE,TRUE,TRUE,TRUE,TRUE,TRUE,TRUE,,5,4,8,10,2,7,4,5,4,9,5,9,5,5,5,6,10,10,4,2,1,10,7,5
000059,7,100,10,65,0,0.75,0,"$1,350.00 ",8/12/2016,Rock,TRUE,FALSE,FALSE,TRUE,FALSE,TRUE,FALSE,TRUE,TRUE,TRUE,TRUE,TRUE,TRUE,TRUE,TRUE,FALSE,TRUE,TRUE,TRUE,TRUE,TRUE,TRUE,TRUE,TRUE,TRUE,TRUE,,5,7,3,1,2,1,6,6,9,7,3,1,4,5,5,7,3,2,6,3,5,2,9,1
000059,10,100,6,65,29,0.75,21.75,"$1,411.75 ",3/7/2018,Rock,TRUE,FALSE,FALSE,FALSE,TRUE,FALSE,TRUE,TRUE,TRUE,FALSE,TRUE,TRUE,FALSE,TRUE,TRUE,TRUE,FALSE,TRUE,TRUE,TRUE,TRUE,TRUE,TRUE,TRUE,TRUE,TRUE,,2,8,6,5,3,1,2,10,6,2,10,5,8,1,3,9,3,4,2,5,7,6,10,9
000060,8,100,3,65,0,0.75,0,$995.00 ,10/13/2017,Industrial,TRUE,TRUE,FALSE,FALSE,FALSE,FALSE,TRUE,TRUE,TRUE,TRUE,TRUE,TRUE,FALSE,TRUE,TRUE,TRUE,TRUE,TRUE,FALSE,TRUE,FALSE,FALSE,FALSE,TRUE,TRUE,TRUE,,4,9,6,1,4,6,6,4,9,6,7,4,6,5,10,5,10,5,7,4,9,4,4,3
000060,10,100,6,65,0,0.75,0,"$1,390.00 ",3/10/2016,Industrial,TRUE,FALSE,TRUE,TRUE,FALSE,TRUE,TRUE,TRUE,TRUE,TRUE,FALSE,TRUE,TRUE,TRUE,TRUE,FALSE,TRUE,TRUE,TRUE,TRUE,TRUE,TRUE,TRUE,TRUE,TRUE,FALSE,,8,3,3,9,7,2,5,1,3,7,4,10,10,3,9,8,2,10,3,9,6,5,10,2
000060,7,100,7,65,0,0.75,0,"$1,155.00 ",12/19/2016,Industrial,FALSE,TRUE,TRUE,FALSE,FALSE,TRUE,TRUE,FALSE,TRUE,TRUE,TRUE,FALSE,FALSE,TRUE,FALSE,FALSE,TRUE,TRUE,TRUE,TRUE,FALSE,TRUE,TRUE,TRUE,TRUE,FALSE,,8,3,10,4,1,4,4,6,3,10,4,10,9,9,7,8,5,2,6,7,2,6,9,9
000061,10,100,7,65,0,0.75,0,"$1,455.00 ",10/10/2015,Hip Hop,TRUE,TRUE,FALSE,TRUE,TRUE,TRUE,TRUE,FALSE,FALSE,TRUE,FALSE,TRUE,TRUE,TRUE,TRUE,TRUE,TRUE,TRUE,FALSE,TRUE,FALSE,TRUE,TRUE,TRUE,TRUE,TRUE,,1,6,10,8,4,9,8,6,2,10,9,2,7,9,5,7,4,9,9,7,4,9,8,4
000061,4,100,8,65,0,0.75,0,$920.00 ,7/18/2018,Hip Hop,TRUE,FALSE,FALSE,TRUE,TRUE,FALSE,TRUE,FALSE,TRUE,TRUE,TRUE,TRUE,FALSE,TRUE,TRUE,TRUE,FALSE,TRUE,TRUE,FALSE,FALSE,TRUE,TRUE,TRUE,TRUE,TRUE,,5,1,5,6,6,10,10,6,4,3,3,7,6,6,8,8,4,7,6,9,5,3,9,1
000061,3,100,10,65,0,0.75,0,$950.00 ,10/17/2016,Hip Hop,TRUE,TRUE,TRUE,TRUE,TRUE,TRUE,FALSE,FALSE,FALSE,TRUE,TRUE,FALSE,TRUE,TRUE,FALSE,FALSE,FALSE,FALSE,TRUE,TRUE,FALSE,FALSE,TRUE,TRUE,TRUE,TRUE,,7,3,3,6,2,3,2,7,7,8,5,4,9,9,3,2,10,3,10,4,10,9,7,8
000062,8,100,6,65,0,0.75,0,"$1,190.00 ",12/31/2019,Gospel,TRUE,TRUE,TRUE,TRUE,FALSE,TRUE,TRUE,TRUE,TRUE,TRUE,TRUE,TRUE,FALSE,TRUE,TRUE,TRUE,TRUE,TRUE,TRUE,TRUE,TRUE,TRUE,TRUE,FALSE,TRUE,TRUE,,7,10,5,2,10,5,2,6,6,6,3,7,8,6,4,8,6,1,4,4,6,1,1,10
000062,6,100,7,65,0,0.75,0,"$1,055.00 ",8/21/2017,Gospel,FALSE,TRUE,FALSE,TRUE,TRUE,FALSE,FALSE,TRUE,TRUE,FALSE,TRUE,TRUE,TRUE,TRUE,FALSE,TRUE,TRUE,TRUE,TRUE,TRUE,FALSE,TRUE,TRUE,TRUE,TRUE,TRUE,,9,1,8,10,9,4,9,4,5,9,5,8,8,10,5,1,6,10,7,9,6,4,7,1
000062,10,100,9,65,0,0.75,0,"$1,585.00 ",7/28/2017,Gospel,TRUE,TRUE,TRUE,FALSE,FALSE,TRUE,FALSE,TRUE,TRUE,TRUE,TRUE,FALSE,TRUE,FALSE,TRUE,TRUE,TRUE,TRUE,FALSE,TRUE,TRUE,FALSE,TRUE,FALSE,TRUE,FALSE,,6,7,3,8,5,6,6,2,8,8,4,3,4,5,10,3,2,5,2,9,9,9,10,6
000062,8,100,9,65,0,0.75,0,"$1,385.00 ",4/30/2019,Gospel,FALSE,TRUE,TRUE,TRUE,FALSE,FALSE,TRUE,FALSE,TRUE,TRUE,TRUE,TRUE,FALSE,TRUE,FALSE,FALSE,TRUE,TRUE,FALSE,TRUE,FALSE,TRUE,TRUE,TRUE,TRUE,FALSE,,8,1,4,5,4,6,9,3,1,1,6,3,1,7,2,10,9,7,8,9,8,9,2,9
000063,10,100,3,65,15,0.75,11.25,"$1,206.25 ",1/6/2015,Rock,FALSE,TRUE,TRUE,TRUE,TRUE,TRUE,FALSE,TRUE,TRUE,TRUE,TRUE,TRUE,TRUE,TRUE,FALSE,FALSE,TRUE,TRUE,TRUE,TRUE,TRUE,TRUE,FALSE,TRUE,TRUE,TRUE,,10,4,9,7,10,1,10,3,3,3,9,4,3,8,7,9,1,1,8,9,3,2,1,4
000063,10,100,8,65,0,0.75,0,"$1,520.00 ",3/24/2020,Rock,TRUE,TRUE,FALSE,FALSE,FALSE,TRUE,TRUE,FALSE,TRUE,FALSE,TRUE,FALSE,FALSE,TRUE,TRUE,TRUE,TRUE,TRUE,FALSE,TRUE,FALSE,FALSE,FALSE,TRUE,TRUE,TRUE,,9,7,1,3,4,8,4,6,7,4,5,6,7,7,4,3,8,1,9,8,1,10,5,6
000063,8,100,7,65,0,0.75,0,"$1,255.00 ",5/22/2018,Rock,FALSE,FALSE,TRUE,FALSE,TRUE,FALSE,TRUE,TRUE,TRUE,TRUE,TRUE,TRUE,FALSE,TRUE,FALSE,FALSE,TRUE,FALSE,TRUE,FALSE,FALSE,TRUE,TRUE,TRUE,TRUE,TRUE,,4,8,1,3,9,4,10,5,4,3,2,1,2,2,2,2,8,10,9,6,5,10,8,5
000063,10,100,2,65,0,0.75,0,"$1,130.00 ",8/17/2016,Rock,TRUE,TRUE,TRUE,TRUE,TRUE,TRUE,TRUE,FALSE,TRUE,TRUE,TRUE,TRUE,TRUE,TRUE,TRUE,FALSE,TRUE,TRUE,TRUE,TRUE,TRUE,TRUE,TRUE,TRUE,TRUE,FALSE,,6,6,6,2,7,8,1,4,6,7,2,1,9,5,2,3,3,3,7,4,1,7,6,6
000064,10,100,2,65,0,0.75,0,"$1,130.00 ",5/20/2019,Gospel,FALSE,TRUE,TRUE,TRUE,TRUE,FALSE,TRUE,TRUE,FALSE,TRUE,TRUE,TRUE,TRUE,TRUE,TRUE,FALSE,TRUE,FALSE,FALSE,TRUE,TRUE,TRUE,FALSE,FALSE,TRUE,FALSE,,3,5,5,3,6,6,5,3,10,8,5,2,5,1,1,10,10,9,3,7,2,2,2,7
000064,2,100,8,65,0,0.75,0,$720.00 ,10/26/2019,Gospel,TRUE,TRUE,TRUE,TRUE,FALSE,TRUE,FALSE,FALSE,TRUE,TRUE,TRUE,FALSE,TRUE,TRUE,TRUE,TRUE,FALSE,TRUE,TRUE,FALSE,TRUE,TRUE,TRUE,FALSE,TRUE,TRUE,,4,7,7,8,3,2,6,1,5,10,6,8,4,9,5,3,5,5,5,2,5,1,7,10
000065,5,100,5,65,0,0.75,0,$825.00 ,1/17/2019,Country,TRUE,FALSE,TRUE,TRUE,FALSE,FALSE,TRUE,TRUE,TRUE,TRUE,TRUE,TRUE,TRUE,FALSE,TRUE,FALSE,TRUE,TRUE,TRUE,TRUE,TRUE,TRUE,TRUE,TRUE,TRUE,TRUE,,7,2,3,7,8,6,9,8,8,7,3,2,8,9,10,3,8,2,6,3,8,8,2,1
000065,10,100,7,65,0,0.75,0,"$1,455.00 ",11/23/2017,Country,FALSE,FALSE,FALSE,TRUE,TRUE,FALSE,TRUE,FALSE,FALSE,TRUE,FALSE,FALSE,FALSE,TRUE,TRUE,TRUE,TRUE,TRUE,TRUE,TRUE,FALSE,FALSE,FALSE,TRUE,FALSE,TRUE,,10,5,10,1,5,2,6,8,8,2,6,3,2,9,6,8,4,3,1,8,6,4,1,6
000065,7,100,7,65,0,0.75,0,"$1,155.00 ",5/17/2019,Country,TRUE,TRUE,TRUE,TRUE,TRUE,TRUE,FALSE,TRUE,TRUE,FALSE,FALSE,TRUE,TRUE,TRUE,TRUE,FALSE,FALSE,TRUE,TRUE,TRUE,FALSE,TRUE,TRUE,TRUE,FALSE,TRUE,,4,6,2,2,8,8,6,8,9,9,6,6,9,10,5,7,3,8,2,1,1,6,8,9
000065,2,100,4,65,0,0.75,0,$460.00 ,12/19/2015,Country,TRUE,TRUE,FALSE,TRUE,TRUE,TRUE,TRUE,FALSE,FALSE,FALSE,TRUE,TRUE,FALSE,TRUE,TRUE,TRUE,TRUE,TRUE,TRUE,FALSE,FALSE,TRUE,TRUE,FALSE,FALSE,FALSE,,2,5,6,4,3,8,10,5,3,4,5,4,9,1,10,8,7,9,10,4,5,4,3,1
000065,5,100,7,65,0,0.75,0,$955.00 ,9/27/2019,Country,TRUE,TRUE,TRUE,TRUE,FALSE,TRUE,FALSE,TRUE,TRUE,FALSE,TRUE,TRUE,FALSE,TRUE,TRUE,TRUE,TRUE,FALSE,TRUE,TRUE,FALSE,TRUE,TRUE,TRUE,FALSE,TRUE,,1,4,8,5,3,10,3,10,5,7,7,1,4,5,3,8,6,3,3,1,6,1,1,3
000066,2,100,9,65,37,0.75,27.75,$812.75 ,11/30/2019,R&B,TRUE,TRUE,TRUE,TRUE,TRUE,TRUE,TRUE,FALSE,TRUE,TRUE,TRUE,TRUE,TRUE,TRUE,TRUE,TRUE,TRUE,TRUE,TRUE,TRUE,TRUE,TRUE,FALSE,TRUE,TRUE,TRUE,,9,5,10,2,9,6,10,6,10,10,6,8,5,7,4,4,5,4,9,8,7,7,7,6
000066,4,100,5,65,13,0.75,9.75,$734.75 ,7/5/2020,R&B,TRUE,TRUE,TRUE,TRUE,FALSE,TRUE,TRUE,FALSE,TRUE,TRUE,TRUE,TRUE,TRUE,FALSE,FALSE,TRUE,TRUE,TRUE,FALSE,TRUE,TRUE,TRUE,TRUE,TRUE,TRUE,FALSE,,7,8,10,3,7,6,6,1,8,8,10,10,6,6,4,9,7,9,6,5,2,4,5,7
000066,3,100,6,65,0,0.75,0,$690.00 ,6/25/2016,R&B,FALSE,FALSE,FALSE,TRUE,TRUE,TRUE,TRUE,FALSE,FALSE,FALSE,FALSE,TRUE,FALSE,FALSE,TRUE,FALSE,TRUE,TRUE,TRUE,TRUE,TRUE,TRUE,FALSE,FALSE,TRUE,FALSE,,10,10,6,6,6,10,7,2,2,8,6,1,1,7,3,8,8,9,2,8,8,1,7,8
000066,9,100,10,65,0,0.75,0,"$1,550.00 ",11/26/2019,R&B,TRUE,TRUE,TRUE,TRUE,TRUE,TRUE,TRUE,TRUE,TRUE,TRUE,FALSE,TRUE,TRUE,FALSE,TRUE,TRUE,TRUE,FALSE,TRUE,TRUE,TRUE,TRUE,FALSE,TRUE,TRUE,TRUE,,2,2,1,8,7,8,5,9,2,3,5,6,2,9,6,9,1,5,9,5,7,8,7,5
000067,9,100,7,65,23,0.75,17.25,"$1,372.25 ",10/9/2015,Pop,TRUE,TRUE,FALSE,TRUE,TRUE,FALSE,FALSE,TRUE,TRUE,FALSE,FALSE,TRUE,FALSE,FALSE,TRUE,TRUE,TRUE,FALSE,TRUE,TRUE,TRUE,FALSE,TRUE,TRUE,FALSE,TRUE,,9,1,8,5,1,9,6,6,2,9,6,5,1,3,2,3,2,6,3,5,7,5,9,8
000067,3,100,2,65,0,0.75,0,$430.00 ,5/28/2015,Pop,TRUE,TRUE,FALSE,TRUE,TRUE,TRUE,TRUE,TRUE,FALSE,FALSE,TRUE,TRUE,FALSE,TRUE,TRUE,TRUE,TRUE,TRUE,TRUE,TRUE,FALSE,FALSE,TRUE,TRUE,FALSE,FALSE,,7,2,4,10,4,10,5,5,3,7,1,7,6,3,6,4,2,2,4,8,2,2,2,7
000067,7,100,6,65,0,0.75,0,"$1,090.00 ",11/30/2019,Pop,FALSE,TRUE,TRUE,TRUE,TRUE,TRUE,TRUE,TRUE,TRUE,TRUE,TRUE,FALSE,TRUE,TRUE,FALSE,TRUE,TRUE,TRUE,TRUE,TRUE,FALSE,FALSE,TRUE,TRUE,TRUE,TRUE,,9,1,10,7,10,3,8,3,10,8,10,2,10,10,10,6,1,10,1,8,3,9,1,4
000067,3,100,4,65,0,0.75,0,$560.00 ,10/14/2016,Pop,TRUE,TRUE,TRUE,TRUE,TRUE,TRUE,TRUE,TRUE,TRUE,FALSE,TRUE,TRUE,TRUE,FALSE,TRUE,TRUE,TRUE,FALSE,TRUE,TRUE,TRUE,FALSE,TRUE,TRUE,TRUE,FALSE,,5,2,2,7,2,9,6,9,6,5,2,8,4,7,6,4,6,3,5,6,10,9,1,5
000067,5,100,4,65,0,0.75,0,$760.00 ,1/28/2017,Pop,TRUE,TRUE,TRUE,TRUE,TRUE,TRUE,FALSE,TRUE,TRUE,TRUE,TRUE,TRUE,FALSE,FALSE,TRUE,TRUE,TRUE,FALSE,TRUE,TRUE,FALSE,TRUE,TRUE,TRUE,FALSE,TRUE,,8,9,4,8,3,2,7,4,7,9,1,7,10,4,10,3,10,1,4,4,8,9,7,7
000068,9,100,3,65,16,0.75,12,"$1,107.00 ",2/5/2019,Hip Hop,TRUE,TRUE,TRUE,TRUE,FALSE,TRUE,TRUE,TRUE,TRUE,FALSE,TRUE,TRUE,TRUE,FALSE,TRUE,TRUE,TRUE,FALSE,TRUE,TRUE,TRUE,TRUE,TRUE,TRUE,FALSE,TRUE,,6,8,2,9,4,7,4,5,2,4,10,4,8,4,7,6,3,4,7,1,5,5,9,7
000068,10,100,10,65,0,0.75,0,"$1,650.00 ",6/28/2017,Hip Hop,FALSE,TRUE,FALSE,TRUE,TRUE,TRUE,TRUE,TRUE,TRUE,TRUE,TRUE,FALSE,TRUE,TRUE,FALSE,TRUE,FALSE,TRUE,TRUE,TRUE,FALSE,TRUE,TRUE,FALSE,TRUE,TRUE,,9,4,1,7,7,5,1,8,5,3,2,2,3,2,5,7,4,7,4,6,9,6,7,3
000068,10,100,8,65,0,0.75,0,"$1,520.00 ",7/28/2017,Hip Hop,TRUE,TRUE,TRUE,TRUE,TRUE,TRUE,TRUE,FALSE,FALSE,FALSE,TRUE,TRUE,FALSE,TRUE,TRUE,TRUE,FALSE,TRUE,TRUE,TRUE,FALSE,TRUE,TRUE,TRUE,FALSE,TRUE,,1,4,3,6,7,8,1,9,7,10,8,5,5,6,7,2,9,4,10,5,4,3,7,5
000068,8,100,5,65,0,0.75,0,"$1,125.00 ",9/6/2017,Hip Hop,FALSE,FALSE,TRUE,TRUE,FALSE,TRUE,FALSE,TRUE,FALSE,TRUE,FALSE,TRUE,FALSE,TRUE,TRUE,FALSE,FALSE,TRUE,TRUE,TRUE,TRUE,TRUE,TRUE,FALSE,TRUE,TRUE,,4,4,10,9,1,5,4,7,9,7,7,4,9,10,1,1,5,7,8,4,9,7,3,9
000068,5,100,3,65,0,0.75,0,$695.00 ,12/3/2015,Hip Hop,TRUE,FALSE,TRUE,FALSE,FALSE,TRUE,TRUE,FALSE,FALSE,TRUE,TRUE,TRUE,TRUE,TRUE,FALSE,FALSE,FALSE,TRUE,TRUE,FALSE,TRUE,TRUE,TRUE,TRUE,TRUE,TRUE,,2,1,5,9,5,4,7,7,1,6,4,7,5,2,8,7,3,8,1,7,10,6,2,9
000069,6,100,8,65,0,0.75,0,"$1,120.00 ",8/10/2020,Pop,TRUE,TRUE,FALSE,TRUE,TRUE,TRUE,TRUE,FALSE,TRUE,FALSE,FALSE,FALSE,TRUE,TRUE,TRUE,TRUE,FALSE,TRUE,FALSE,TRUE,TRUE,TRUE,TRUE,TRUE,TRUE,TRUE,,3,2,5,5,9,2,1,7,7,6,6,10,7,1,8,9,9,8,4,7,3,6,1,2
000069,8,100,7,65,0,0.75,0,"$1,255.00 ",12/10/2016,Pop,FALSE,TRUE,TRUE,TRUE,FALSE,TRUE,FALSE,FALSE,FALSE,TRUE,FALSE,TRUE,TRUE,TRUE,TRUE,TRUE,TRUE,TRUE,FALSE,TRUE,TRUE,TRUE,TRUE,TRUE,TRUE,TRUE,,7,4,10,10,4,1,1,8,7,5,9,7,2,8,5,7,1,2,4,6,7,5,9,5
000069,10,100,2,65,0,0.75,0,"$1,130.00 ",11/22/2018,Pop,FALSE,TRUE,FALSE,TRUE,TRUE,FALSE,FALSE,TRUE,FALSE,FALSE,TRUE,FALSE,FALSE,TRUE,TRUE,FALSE,TRUE,TRUE,TRUE,TRUE,TRUE,TRUE,TRUE,TRUE,TRUE,TRUE,,5,8,6,1,7,8,2,10,10,5,3,5,4,2,2,5,2,1,6,7,5,3,9,4
000069,9,100,9,65,0,0.75,0,"$1,485.00 ",10/29/2015,Pop,TRUE,TRUE,TRUE,TRUE,TRUE,TRUE,TRUE,TRUE,TRUE,TRUE,TRUE,TRUE,TRUE,TRUE,FALSE,FALSE,TRUE,TRUE,TRUE,TRUE,TRUE,TRUE,TRUE,FALSE,TRUE,FALSE,,8,10,7,2,6,5,6,5,4,9,9,10,6,7,3,2,10,3,3,1,1,3,2,5
000069,4,100,5,65,2,0.75,1.5,$726.50 ,10/17/2017,Pop,TRUE,TRUE,TRUE,FALSE,TRUE,FALSE,FALSE,FALSE,FALSE,TRUE,TRUE,TRUE,TRUE,TRUE,FALSE,FALSE,TRUE,TRUE,TRUE,FALSE,TRUE,TRUE,TRUE,TRUE,TRUE,FALSE,,5,1,7,2,1,8,3,8,4,3,10,4,2,2,4,5,9,2,10,4,10,6,7,10
000069,7,100,6,65,0,0.75,0,"$1,090.00 ",3/12/2018,Pop,TRUE,TRUE,TRUE,TRUE,FALSE,FALSE,TRUE,TRUE,FALSE,TRUE,FALSE,TRUE,TRUE,TRUE,TRUE,TRUE,FALSE,TRUE,TRUE,FALSE,FALSE,TRUE,FALSE,FALSE,TRUE,FALSE,,10,2,3,10,3,10,8,9,9,5,2,4,4,7,8,10,9,10,5,7,1,9,8,3
000070,6,100,8,65,35,0.75,26.25,"$1,146.25 ",3/12/2020,Gospel,TRUE,TRUE,TRUE,FALSE,TRUE,FALSE,TRUE,TRUE,FALSE,TRUE,TRUE,TRUE,TRUE,FALSE,TRUE,TRUE,FALSE,TRUE,TRUE,FALSE,TRUE,TRUE,TRUE,TRUE,TRUE,TRUE,,7,8,5,3,8,6,7,6,8,10,2,2,7,2,1,8,10,2,3,8,2,4,2,8
000070,3,100,5,65,0,0.75,0,$625.00 ,3/23/2016,Gospel,FALSE,TRUE,FALSE,TRUE,TRUE,TRUE,TRUE,TRUE,FALSE,FALSE,TRUE,FALSE,TRUE,TRUE,FALSE,FALSE,FALSE,TRUE,TRUE,TRUE,TRUE,FALSE,FALSE,FALSE,FALSE,FALSE,,4,10,3,3,7,7,7,1,5,8,1,3,6,9,6,4,3,7,10,9,8,6,2,4
000070,7,100,8,65,0,0.75,0,"$1,220.00 ",3/5/2017,Gospel,TRUE,TRUE,FALSE,TRUE,FALSE,TRUE,FALSE,TRUE,FALSE,TRUE,FALSE,FALSE,FALSE,TRUE,FALSE,FALSE,TRUE,FALSE,TRUE,TRUE,FALSE,FALSE,TRUE,TRUE,FALSE,TRUE,,7,2,2,4,9,9,5,10,1,5,4,5,9,10,8,5,7,10,8,7,7,5,2,5
000070,2,100,2,65,0,0.75,0,$330.00 ,10/30/2019,Gospel,FALSE,TRUE,TRUE,FALSE,TRUE,FALSE,FALSE,TRUE,TRUE,TRUE,TRUE,TRUE,TRUE,TRUE,TRUE,TRUE,TRUE,TRUE,TRUE,TRUE,TRUE,TRUE,FALSE,TRUE,TRUE,TRUE,,6,6,9,1,7,4,9,4,3,10,7,3,7,2,9,6,7,3,10,1,8,6,9,3
000071,8,100,10,65,0,0.75,0,"$1,450.00 ",6/22/2017,Pop,FALSE,TRUE,TRUE,TRUE,FALSE,TRUE,TRUE,TRUE,FALSE,TRUE,FALSE,TRUE,TRUE,FALSE,TRUE,FALSE,TRUE,TRUE,TRUE,TRUE,TRUE,FALSE,TRUE,TRUE,TRUE,FALSE,,5,5,7,8,2,7,6,7,3,9,4,5,6,3,4,7,10,3,5,7,6,1,4,7
000071,4,100,4,65,0,0.75,0,$660.00 ,5/6/2019,Pop,FALSE,TRUE,TRUE,TRUE,TRUE,TRUE,FALSE,TRUE,TRUE,TRUE,FALSE,TRUE,TRUE,TRUE,FALSE,FALSE,TRUE,FALSE,TRUE,FALSE,TRUE,TRUE,FALSE,TRUE,FALSE,TRUE,,4,2,6,6,9,8,5,3,2,9,3,3,2,7,10,1,5,8,4,10,7,4,7,2
000071,8,100,10,65,0,0.75,0,"$1,450.00 ",6/11/2018,Pop,FALSE,FALSE,FALSE,TRUE,TRUE,FALSE,TRUE,TRUE,TRUE,FALSE,TRUE,TRUE,TRUE,TRUE,TRUE,TRUE,FALSE,TRUE,TRUE,TRUE,FALSE,TRUE,TRUE,TRUE,FALSE,FALSE,,8,3,3,2,2,3,1,3,1,4,2,8,10,2,9,7,1,8,9,10,4,2,2,1
000071,9,100,10,65,0,0.75,0,"$1,550.00 ",8/21/2015,Pop,TRUE,TRUE,FALSE,TRUE,TRUE,TRUE,TRUE,TRUE,FALSE,TRUE,TRUE,TRUE,TRUE,TRUE,TRUE,FALSE,TRUE,FALSE,TRUE,TRUE,FALSE,TRUE,TRUE,FALSE,TRUE,TRUE,,1,1,4,2,1,4,5,8,9,6,6,1,2,10,7,9,9,4,1,7,9,10,1,10
000072,5,100,4,65,0,0.75,0,$760.00 ,9/21/2020,Rock,FALSE,TRUE,TRUE,TRUE,TRUE,FALSE,TRUE,TRUE,TRUE,TRUE,FALSE,TRUE,FALSE,FALSE,TRUE,TRUE,TRUE,TRUE,FALSE,TRUE,FALSE,TRUE,TRUE,TRUE,TRUE,TRUE,,4,3,2,3,3,3,7,9,6,5,5,8,10,5,10,4,2,2,1,6,7,9,9,2
000072,4,100,2,65,0,0.75,0,$530.00 ,1/26/2015,Rock,FALSE,TRUE,TRUE,FALSE,TRUE,TRUE,TRUE,TRUE,FALSE,TRUE,TRUE,FALSE,FALSE,TRUE,FALSE,FALSE,TRUE,FALSE,TRUE,TRUE,TRUE,TRUE,TRUE,TRUE,TRUE,TRUE,,6,7,4,4,5,3,3,4,4,6,7,10,10,1,9,2,3,6,8,8,5,10,2,10
000072,8,100,9,65,0,0.75,0,"$1,385.00 ",4/30/2016,Rock,TRUE,TRUE,TRUE,TRUE,TRUE,TRUE,TRUE,TRUE,TRUE,TRUE,FALSE,TRUE,TRUE,TRUE,FALSE,TRUE,FALSE,TRUE,FALSE,FALSE,TRUE,TRUE,FALSE,TRUE,FALSE,TRUE,,10,3,1,7,3,4,10,4,9,7,1,1,4,5,5,5,7,2,3,3,8,7,7,8
000072,4,100,9,65,0,0.75,0,$985.00 ,4/18/2020,Rock,FALSE,TRUE,FALSE,FALSE,TRUE,FALSE,FALSE,TRUE,FALSE,FALSE,FALSE,FALSE,TRUE,TRUE,TRUE,FALSE,TRUE,TRUE,TRUE,TRUE,TRUE,TRUE,TRUE,TRUE,FALSE,TRUE,,8,7,8,3,4,6,2,7,5,9,1,7,7,8,2,8,4,3,4,7,2,1,6,6
000072,9,100,7,65,0,0.75,0,"$1,355.00 ",4/13/2019,Rock,TRUE,FALSE,FALSE,TRUE,TRUE,TRUE,FALSE,TRUE,TRUE,TRUE,FALSE,TRUE,TRUE,TRUE,TRUE,TRUE,TRUE,TRUE,TRUE,FALSE,FALSE,TRUE,FALSE,TRUE,TRUE,FALSE,,1,1,10,1,4,2,4,7,5,7,5,4,7,2,10,4,6,9,8,5,5,7,4,9
000073,9,100,3,65,41,0.75,30.75,"$1,125.75 ",4/12/2019,R&B,TRUE,FALSE,TRUE,TRUE,TRUE,TRUE,TRUE,TRUE,TRUE,FALSE,TRUE,TRUE,TRUE,TRUE,TRUE,TRUE,TRUE,FALSE,TRUE,TRUE,FALSE,TRUE,TRUE,TRUE,TRUE,FALSE,,7,5,6,1,3,7,10,7,6,8,9,10,7,5,8,5,10,7,3,6,4,4,7,8
000073,10,100,6,65,0,0.75,0,"$1,390.00 ",7/27/2017,R&B,TRUE,TRUE,TRUE,TRUE,TRUE,TRUE,FALSE,TRUE,FALSE,TRUE,TRUE,TRUE,TRUE,FALSE,TRUE,FALSE,FALSE,TRUE,FALSE,TRUE,TRUE,TRUE,FALSE,FALSE,FALSE,TRUE,,3,2,6,2,7,9,10,10,7,10,9,8,3,10,7,8,6,5,4,4,3,10,5,1
000073,5,100,2,65,0,0.75,0,$630.00 ,6/23/2018,R&B,FALSE,TRUE,FALSE,TRUE,TRUE,FALSE,FALSE,TRUE,FALSE,FALSE,FALSE,TRUE,TRUE,TRUE,TRUE,TRUE,TRUE,FALSE,FALSE,TRUE,TRUE,FALSE,TRUE,TRUE,TRUE,TRUE,,1,9,6,5,4,7,4,4,8,10,10,10,7,6,5,5,10,6,3,4,3,3,8,6
000073,5,100,3,65,0,0.75,0,$695.00 ,7/12/2020,R&B,TRUE,TRUE,FALSE,FALSE,TRUE,TRUE,FALSE,FALSE,FALSE,FALSE,TRUE,TRUE,FALSE,TRUE,TRUE,FALSE,TRUE,TRUE,TRUE,TRUE,TRUE,FALSE,TRUE,TRUE,TRUE,FALSE,,6,9,8,1,2,6,9,7,2,8,9,8,5,8,1,8,8,3,5,3,2,8,10,6
